fieldID,kind,pearson,ssim,psnr,nrmse,f1_50,precision_50,recall_50,f1_75,precision_75,recall_75,n_real,n_pred
BR00117036_A01_s01,predicted,0.9423708657019503,0.9095013900565453,26.93714759852203,0.3313401437891123,0.9759036144578312,0.9878048780487805,0.9642857142857143,0.8192771084337348,0.8292682926829268,0.8095238095238095,84,82
BR00117036_A01_s01,input_baseline,0.17264898107715343,0.05881782368296813,10.631863980019261,2.1654005228275697,0.03592814371257485,0.03614457831325301,0.03571428571428571,0.0,0.0,0.0,84,83
BR00117036_A01_s02,predicted,0.8700692067259972,0.7726228587941834,20.776959461926495,0.43085302124425434,0.866965620328849,0.8895705521472392,0.8454810495626822,0.6278026905829596,0.6441717791411042,0.6122448979591837,343,326
BR00117036_A01_s02,input_baseline,0.1747502034820837,0.09784560284254597,11.860030151104809,1.2027506719628296,0.6923076923076923,0.7686832740213523,0.6297376093294461,0.3782051282051282,0.4199288256227758,0.34402332361516036,343,281
BR00117036_A02_s01,predicted,0.9538190556072383,0.8976574361236468,26.204774757485826,0.27642100517618406,0.961038961038961,0.9823008849557522,0.940677966101695,0.8744588744588744,0.8938053097345132,0.8559322033898306,118,113
BR00117036_A02_s01,input_baseline,0.20027948283048597,0.07252907385044927,11.021824563323417,1.5875176103128408,0.017391304347826084,0.017857142857142856,0.01694915254237288,0.008695652173913042,0.008928571428571428,0.00847457627118644,118,112
BR00117036_A02_s02,predicted,0.9232452736712048,0.8321583955618195,22.726035562077975,0.3520148483598411,0.9301397205588822,0.9549180327868853,0.9066147859922179,0.7664670658682635,0.7868852459016393,0.7470817120622568,257,244
BR00117036_A02_s02,input_baseline,0.1445877039501805,0.07833192109196029,10.560776575581283,1.4283147864326784,0.21473684210526317,0.23394495412844038,0.19844357976653695,0.1136842105263158,0.12385321100917432,0.10505836575875487,257,218
BR00117036_A03_s01,predicted,0.9494334975068851,0.9079290432312929,27.066947182828773,0.31979435634933856,0.971830985915493,0.971830985915493,0.971830985915493,0.9154929577464789,0.9154929577464789,0.9154929577464789,71,71
BR00117036_A03_s01,input_baseline,0.19581213067906422,0.052612415237590845,10.238081044922382,2.219801303345004,0.18461538461538463,0.2033898305084746,0.16901408450704225,0.015384615384615385,0.01694915254237288,0.014084507042253521,71,59
BR00117036_A03_s02,predicted,0.8958494333105305,0.7732037057195011,20.76038129296744,0.39813565603531287,0.9217134416543574,0.9454545454545454,0.899135446685879,0.7178729689807974,0.7363636363636363,0.7002881844380403,347,330
BR00117036_A03_s02,input_baseline,0.16509871622295563,0.09009473716475733,9.891298712978358,1.3915063824275908,0.754414125200642,0.8514492753623188,0.6772334293948127,0.39165329052969505,0.4420289855072464,0.3515850144092219,347,276
BR00117036_A04_s01,predicted,0.9560859672868455,0.9165860602082208,27.940513557421465,0.2757568053013189,0.943661971830986,0.9852941176470589,0.9054054054054054,0.8591549295774648,0.8970588235294118,0.8243243243243243,74,68
BR00117036_A04_s01,input_baseline,0.1351781865906198,0.04998767127697879,9.526918245545392,2.297238068961842,0.3555555555555555,0.39344262295081966,0.32432432432432434,0.10370370370370371,0.11475409836065574,0.0945945945945946,74,61
BR00117036_A04_s02,predicted,0.9385162796643336,0.8424400023387199,23.643228383167543,0.2958030414720377,0.9352226720647773,0.9665271966527197,0.9058823529411765,0.8218623481781375,0.8493723849372385,0.796078431372549,255,239
BR00117036_A04_s02,input_baseline,0.16322548709724424,0.08216849922578273,10.126739120595321,1.4022553261858712,0.49890590809628005,0.5643564356435643,0.4470588235294118,0.2188183807439825,0.24752475247524752,0.19607843137254902,255,202
BR00117036_A05_s01,predicted,0.9476353027517007,0.9175686053171416,26.824620790417995,0.3394844503219795,0.959349593495935,1.0,0.921875,0.8780487804878049,0.9152542372881356,0.84375,64,59
BR00117036_A05_s01,input_baseline,0.21741224520157265,0.05303452891956176,9.817929517977129,2.4052180278486444,0.40336134453781514,0.43636363636363634,0.375,0.11764705882352941,0.12727272727272726,0.109375,64,55
BR00117036_A05_s02,predicted,0.9230863104251396,0.8430591147504897,22.575976106056757,0.3431773508718872,0.9330783938814531,0.9457364341085271,0.9207547169811321,0.7380497131931165,0.748062015503876,0.7283018867924528,265,258
BR00117036_A05_s02,input_baseline,0.19741250406434088,0.08664164023973327,10.821417177433926,1.328148278979556,0.4816326530612245,0.5244444444444445,0.44528301886792454,0.22448979591836737,0.24444444444444444,0.20754716981132076,265,225
BR00117036_A06_s01,predicted,0.9267214630608114,0.9180254477606398,27.200769959973776,0.36217278018709337,0.875,0.8596491228070176,0.8909090909090909,0.6785714285714286,0.6666666666666666,0.6909090909090909,55,57
BR00117036_A06_s01,input_baseline,0.13830542494373593,0.05130244415410769,9.295071410230614,2.8457761443125094,0.10909090909090909,0.10909090909090909,0.10909090909090909,0.0,0.0,0.0,55,55
BR00117036_A06_s02,predicted,0.877901303885574,0.7937621927489142,21.288903009157846,0.4055128017804963,0.8149466192170818,0.8513011152416357,0.7815699658703071,0.5088967971530249,0.5315985130111525,0.4880546075085324,293,269
BR00117036_A06_s02,input_baseline,0.1559764613969241,0.09830861251190932,11.110641003465801,1.3089337608446343,0.616052060737527,0.8452380952380952,0.48464163822525597,0.26898047722342733,0.36904761904761907,0.21160409556313994,293,168
BR00117036_A07_s01,predicted,0.9394533300454728,0.901724542507619,26.659465223225396,0.31706711816661326,0.9625,0.9746835443037974,0.9506172839506173,0.8999999999999999,0.9113924050632911,0.8888888888888888,81,79
BR00117036_A07_s01,input_baseline,0.1595356771568387,0.05904044926115404,10.420950180758057,2.0562549342689405,0.062111801242236024,0.0625,0.06172839506172839,0.012422360248447204,0.0125,0.012345679012345678,81,80
BR00117036_A07_s02,predicted,0.911339247912865,0.817814292826246,22.125136492296452,0.3790597978199242,0.9281767955801106,0.9230769230769231,0.9333333333333333,0.7697974217311233,0.7655677655677655,0.774074074074074,270,273
BR00117036_A07_s02,input_baseline,0.15817206922257263,0.08390445164033265,10.526531813052518,1.4409136668353242,0.6790123456790124,0.7638888888888888,0.6111111111111112,0.3497942386831276,0.39351851851851855,0.3148148148148148,270,216
BR00117036_A08_s01,predicted,0.9532141995382947,0.895661952744258,27.873124321254487,0.29865246107509724,0.9325842696629213,0.9651162790697675,0.9021739130434783,0.8089887640449438,0.8372093023255814,0.782608695652174,92,86
BR00117036_A08_s01,input_baseline,0.16562616215384787,0.057101971831989395,9.862128696918344,2.3752858367431484,0.17142857142857143,0.18072289156626506,0.16304347826086957,0.05714285714285714,0.060240963855421686,0.05434782608695652,92,83
BR00117036_A08_s02,predicted,0.9203564563810732,0.8236078823900674,22.38558791894992,0.33546217576692683,0.9304029304029304,0.9442379182156134,0.9169675090252708,0.783882783882784,0.7955390334572491,0.7725631768953068,277,269
BR00117036_A08_s02,input_baseline,0.18908621645079987,0.08988850194490365,10.814598434742372,1.2711389709242478,0.5357142857142857,0.5947136563876652,0.48736462093862815,0.24603174603174605,0.27312775330396477,0.22382671480144403,277,227
BR00117036_A09_s01,predicted,0.9458594789680095,0.9121424622454095,27.168043511753854,0.3070837735602898,0.9705882352941176,0.9705882352941176,0.9705882352941176,0.8382352941176471,0.8382352941176471,0.8382352941176471,68,68
BR00117036_A09_s01,input_baseline,0.21071902537162657,0.06114195997673668,10.189994317797995,2.1684995104394895,0.046153846153846156,0.04838709677419355,0.04411764705882353,0.030769230769230767,0.03225806451612903,0.029411764705882353,68,62
BR00117036_A09_s02,predicted,0.935774700164991,0.8532947642971391,23.701698450393135,0.3059631506948885,0.926208651399491,0.9578947368421052,0.896551724137931,0.7938931297709924,0.8210526315789474,0.7684729064039408,203,190
BR00117036_A09_s02,input_baseline,0.1098804894753504,0.07806228503827031,10.194077894027792,1.4489391672723364,0.1778975741239892,0.19642857142857142,0.1625615763546798,0.05929919137466308,0.06547619047619048,0.054187192118226604,203,168
BR00117036_A10_s01,predicted,0.9406545191109942,0.9041166343232777,26.41285548056109,0.3343954383939924,0.9347826086956522,0.9662921348314607,0.9052631578947369,0.8152173913043478,0.8426966292134831,0.7894736842105263,95,89
BR00117036_A10_s01,input_baseline,0.1363811524913445,0.05565783845330164,9.55925292994986,2.3277721719168176,0.11049723756906077,0.11627906976744186,0.10526315789473684,0.07734806629834254,0.08139534883720931,0.07368421052631578,95,86
BR00117036_A10_s02,predicted,0.9311321512461462,0.8561138408838693,22.90407818033561,0.32467449594389186,0.9454545454545454,0.9669421487603306,0.924901185770751,0.8242424242424242,0.8429752066115702,0.8063241106719368,253,242
BR00117036_A10_s02,input_baseline,0.1904583392223215,0.08529535910948612,10.688270018350892,1.3250692724308928,0.4247787610619469,0.4824120603015075,0.3794466403162055,0.16371681415929204,0.18592964824120603,0.14624505928853754,253,199
