arm,name,source,category,modality,split_used,status,n_true,n_pred,tp0.5,fp0.5,fn0.5,tp0.75,fp0.75,fn0.75,seconds
cpsam_v2,bacmother_ctc__CTC__CTC__test__04__t042,bacmother_ctc,bacteria,phase,valid,ok,8,7,7,0,1,7,0,1,0.49
cpsam_v2,bacmother_ctc__CTC__CTC__test__05__t114,bacmother_ctc,bacteria,phase,valid,ok,1,0,0,0,1,0,0,1,0.08
cpsam_v2,bacmother_ctc__CTC__CTC__test__08__t042,bacmother_ctc,bacteria,phase,valid,ok,4,4,4,0,0,3,1,1,0.09
cpsam_v2,bacmother_ctc__CTC__CTC__test__10__t126,bacmother_ctc,bacteria,phase,valid,ok,5,5,5,0,0,3,2,2,0.08
cpsam_v2,bacmother_ctc__CTC__CTC__test__14__t030,bacmother_ctc,bacteria,phase,valid,ok,6,6,6,0,0,6,0,0,0.08
cpsam_v2,bacmother_ctc__CTC__CTC__test__17__t126,bacmother_ctc,bacteria,phase,valid,ok,5,5,5,0,0,5,0,0,0.08
cpsam_v2,bacmother_ctc__CTC__CTC__test__21__t012,bacmother_ctc,bacteria,phase,valid,ok,5,6,4,2,1,4,2,1,0.08
cpsam_v2,bacmother_ctc__CTC__CTC__test__22__t108,bacmother_ctc,bacteria,phase,valid,ok,6,6,6,0,0,6,0,0,0.08
cpsam_v2,bacmother_ctc__CTC__CTC__test__28__t054,bacmother_ctc,bacteria,phase,valid,ok,8,9,7,2,1,6,3,2,0.08
cpsam_v2,bacmother_ctc__CTC__CTC__train__03__t138,bacmother_ctc,bacteria,phase,valid,ok,7,7,7,0,0,4,3,3,0.08
cpsam_v2,bacmother_ctc__CTC__CTC__train__36__t042,bacmother_ctc,bacteria,phase,valid,ok,4,0,0,0,4,0,0,4,0.07
cpsam_v2,bacmother_ctc__CTC__CTC__train__62__t090,bacmother_ctc,bacteria,phase,valid,ok,6,6,6,0,0,5,1,1,0.08
cpsam_v2,bbbc030_dic__cho01,bbbc030_dic,mammalian,dic,test,ok,14,18,14,4,0,13,5,1,1.18
cpsam_v2,bbbc030_dic__cho03,bbbc030_dic,mammalian,dic,test,ok,11,13,9,4,2,9,4,2,1.15
cpsam_v2,bbbc030_dic__cho05,bbbc030_dic,mammalian,dic,test,ok,6,8,5,3,1,5,3,1,1.15
cpsam_v2,bbbc030_dic__cho07,bbbc030_dic,mammalian,dic,test,ok,18,20,18,2,0,15,5,3,1.17
cpsam_v2,bbbc030_dic__cho09,bbbc030_dic,mammalian,dic,test,ok,9,9,9,0,0,9,0,0,1.15
cpsam_v2,bbbc030_dic__cho11,bbbc030_dic,mammalian,dic,test,ok,12,12,12,0,0,12,0,0,1.15
cpsam_v2,bbbc030_dic__cho13,bbbc030_dic,mammalian,dic,test,ok,14,16,14,2,0,11,5,3,1.15
cpsam_v2,bbbc030_dic__cho15,bbbc030_dic,mammalian,dic,test,ok,11,13,10,3,1,7,6,4,1.17
cpsam_v2,bbbc030_dic__cho17,bbbc030_dic,mammalian,dic,test,ok,12,14,10,4,2,5,9,7,1.17
cpsam_v2,bbbc030_dic__cho19,bbbc030_dic,mammalian,dic,test,ok,8,11,7,4,1,6,5,2,1.13
cpsam_v2,bbbc030_dic__cho21,bbbc030_dic,mammalian,dic,test,ok,13,12,11,1,2,10,2,3,1.15
cpsam_v2,bbbc030_dic__cho23,bbbc030_dic,mammalian,dic,test,ok,11,11,10,1,1,9,2,2,1.15
cpsam_v2,brain_organoid_tracking__data__data__imgs__org17_TH2-7_d02_LabA,brain_organoid_tracking,mammalian,brightfield,valid,ok,1,0,0,0,1,0,0,1,0.6
cpsam_v2,brain_organoid_tracking__data__data__imgs__org17_TH2-7_d30_LabB,brain_organoid_tracking,mammalian,brightfield,valid,ok,1,1,0,1,1,0,1,1,1.03
cpsam_v2,brain_organoid_tracking__data__data__imgs__org19_TH2-7_d30_LabA,brain_organoid_tracking,mammalian,brightfield,valid,ok,1,29,0,29,1,0,29,1,0.57
cpsam_v2,brain_organoid_tracking__data__data__imgs__org21_TH2-7_d30_LabB,brain_organoid_tracking,mammalian,brightfield,valid,ok,1,0,0,0,1,0,0,1,0.95
cpsam_v2,brain_organoid_tracking__data__data__imgs__org25_TH2-7_d02_LabA,brain_organoid_tracking,mammalian,brightfield,valid,ok,1,8,0,8,1,0,8,1,0.59
cpsam_v2,brain_organoid_tracking__data__data__imgs__org25_TH2-7_d30_LabB,brain_organoid_tracking,mammalian,brightfield,valid,ok,1,8,0,8,1,0,8,1,1.04
cpsam_v2,brain_organoid_tracking__data__data__imgs__org29_TH2-7_d02_LabA,brain_organoid_tracking,mammalian,brightfield,valid,ok,1,0,0,0,1,0,0,1,0.59
cpsam_v2,brain_organoid_tracking__data__data__imgs__org29_TH2-7_d30_LabB,brain_organoid_tracking,mammalian,brightfield,valid,ok,1,0,0,0,1,0,0,1,0.97
cpsam_v2,brain_organoid_tracking__data__data__imgs__org33_A1A-1_d02_LabB,brain_organoid_tracking,mammalian,brightfield,valid,ok,1,18,0,18,1,0,18,1,1.07
cpsam_v2,brain_organoid_tracking__data__data__imgs__org35_A1A-1_d05_LabA,brain_organoid_tracking,mammalian,brightfield,valid,ok,1,5,0,5,1,0,5,1,0.64
cpsam_v2,brain_organoid_tracking__data__data__imgs__org37_A1A-1_d02_LabB,brain_organoid_tracking,mammalian,brightfield,valid,ok,1,41,0,41,1,0,41,1,1.07
cpsam_v2,brain_organoid_tracking__data__data__imgs__org39_A1A-1_d02_LabA,brain_organoid_tracking,mammalian,brightfield,valid,ok,1,0,0,0,1,0,0,1,0.59
cpsam_v2,cell_acdc_yeast__MIA_KC_htb1_mCitrine_flu_control_labeled__Position_3_t000,cell_acdc_yeast,yeast,phase,valid,ok,2,2,2,0,0,2,0,0,0.06
cpsam_v2,cell_acdc_yeast__MIA_KC_htb1_mCitrine_flu_control_labeled__Position_3_t020,cell_acdc_yeast,yeast,phase,valid,ok,3,2,2,0,1,2,0,1,0.06
cpsam_v2,cell_acdc_yeast__MIA_KC_htb1_mCitrine_flu_control_labeled__Position_3_t040,cell_acdc_yeast,yeast,phase,valid,ok,3,3,3,0,0,3,0,0,0.06
cpsam_v2,cell_acdc_yeast__MIA_KC_htb1_mCitrine_flu_control_labeled__Position_3_t060,cell_acdc_yeast,yeast,phase,valid,ok,4,4,4,0,0,4,0,0,0.06
cpsam_v2,cell_acdc_yeast__MIA_KC_htb1_mCitrine_flu_control_labeled__Position_3_t080,cell_acdc_yeast,yeast,phase,valid,ok,5,5,5,0,0,5,0,0,0.06
cpsam_v2,cell_acdc_yeast__MIA_KC_htb1_mCitrine_flu_control_labeled__Position_3_t100,cell_acdc_yeast,yeast,phase,valid,ok,7,7,7,0,0,7,0,0,0.06
cpsam_v2,cell_acdc_yeast__MIA_KC_htb1_mCitrine_flu_control_labeled__Position_3_t120,cell_acdc_yeast,yeast,phase,valid,ok,9,9,9,0,0,9,0,0,0.06
cpsam_v2,cell_acdc_yeast__MIA_KC_htb1_mCitrine_flu_control_labeled__Position_3_t140,cell_acdc_yeast,yeast,phase,valid,ok,12,12,12,0,0,11,1,1,0.06
cpsam_v2,cell_acdc_yeast__MIA_KC_htb1_mCitrine_flu_control_labeled__Position_3_t160,cell_acdc_yeast,yeast,phase,valid,ok,13,12,12,0,1,12,0,1,0.06
cpsam_v2,cell_acdc_yeast__MIA_KC_htb1_mCitrine_flu_control_labeled__Position_3_t180,cell_acdc_yeast,yeast,phase,valid,ok,16,16,16,0,0,16,0,0,0.06
cpsam_v2,cell_acdc_yeast__MIA_KC_htb1_mCitrine_flu_control_labeled__Position_3_t200,cell_acdc_yeast,yeast,phase,valid,ok,20,20,20,0,0,19,1,1,0.06
cpsam_v2,cell_acdc_yeast__MIA_KC_htb1_mCitrine_flu_control_labeled__Position_3_t220,cell_acdc_yeast,yeast,phase,valid,ok,25,25,25,0,0,25,0,0,0.06
cpsam_v2,cellapp__unpacked_for_zenodo_d_for_zenodo_d_general_dataset_2_labels__0,cellapp,mammalian,phase,valid,ok,39,34,20,14,19,15,19,24,0.76
cpsam_v2,cellapp__unpacked_for_zenodo_d_for_zenodo_d_general_dataset_2_labels__12,cellapp,mammalian,phase,valid,ok,109,124,88,36,21,66,58,43,0.97
cpsam_v2,cellapp__unpacked_for_zenodo_d_for_zenodo_d_general_dataset_2_labels__163,cellapp,mammalian,phase,valid,ok,198,234,194,40,4,182,52,16,0.87
cpsam_v2,cellapp__unpacked_for_zenodo_d_for_zenodo_d_general_dataset_2_labels__237,cellapp,mammalian,phase,valid,ok,5,6,3,3,2,1,5,4,0.74
cpsam_v2,cellapp__unpacked_for_zenodo_d_for_zenodo_d_general_dataset_2_labels__50,cellapp,mammalian,phase,valid,ok,61,87,48,39,13,37,50,24,0.88
cpsam_v2,cellapp__unpacked_for_zenodo_d_for_zenodo_d_general_dataset_2_labels__67,cellapp,mammalian,phase,valid,ok,112,104,88,16,24,53,51,59,0.82
cpsam_v2,cellapp__unpacked_for_zenodo_d_for_zenodo_d_general_dataset_2_labels__92,cellapp,mammalian,phase,valid,ok,274,213,133,80,141,86,127,188,0.99
cpsam_v2,cellapp__unpacked_for_zenodo_d_for_zenodo_d_general_dataset_7_labels__128,cellapp,mammalian,phase,valid,ok,84,100,82,18,2,79,21,5,0.77
cpsam_v2,cellapp__unpacked_for_zenodo_d_for_zenodo_d_general_dataset_7_labels__164,cellapp,mammalian,phase,valid,ok,129,169,126,43,3,117,52,12,0.85
cpsam_v2,cellapp__unpacked_for_zenodo_d_for_zenodo_d_general_dataset_7_labels__210,cellapp,mammalian,phase,valid,ok,42,51,38,13,4,31,20,11,0.76
cpsam_v2,cellapp__unpacked_for_zenodo_d_for_zenodo_d_general_dataset_7_labels__29-2,cellapp,mammalian,phase,valid,ok,22,14,9,5,13,5,9,17,0.75
cpsam_v2,cellapp__unpacked_for_zenodo_d_for_zenodo_d_general_dataset_7_labels__56-2,cellapp,mammalian,phase,valid,ok,66,68,50,18,16,40,28,26,0.82
cpsam_v2,cglutamicum_tracking__ctc_format__01__t0000,cglutamicum_tracking,bacteria,phase,valid,ok,2,3,2,1,0,2,1,0,0.84
cpsam_v2,cglutamicum_tracking__ctc_format__01__t0065,cglutamicum_tracking,bacteria,phase,valid,ok,4,5,4,1,0,4,1,0,0.84
cpsam_v2,cglutamicum_tracking__ctc_format__01__t0130,cglutamicum_tracking,bacteria,phase,valid,ok,8,9,8,1,0,8,1,0,0.84
cpsam_v2,cglutamicum_tracking__ctc_format__01__t0200,cglutamicum_tracking,bacteria,phase,valid,ok,16,17,16,1,0,16,1,0,0.84
cpsam_v2,cglutamicum_tracking__ctc_format__01__t0265,cglutamicum_tracking,bacteria,phase,valid,ok,26,26,26,0,0,26,0,0,0.85
cpsam_v2,cglutamicum_tracking__ctc_format__01__t0330,cglutamicum_tracking,bacteria,phase,valid,ok,44,44,44,0,0,44,0,0,0.84
cpsam_v2,cglutamicum_tracking__ctc_format__01__t0400,cglutamicum_tracking,bacteria,phase,valid,ok,79,79,79,0,0,79,0,0,0.86
cpsam_v2,cglutamicum_tracking__ctc_format__01__t0465,cglutamicum_tracking,bacteria,phase,valid,ok,146,146,146,0,0,146,0,0,0.88
cpsam_v2,cglutamicum_tracking__ctc_format__01__t0530,cglutamicum_tracking,bacteria,phase,valid,ok,275,275,275,0,0,275,0,0,0.88
cpsam_v2,cglutamicum_tracking__ctc_format__01__t0600,cglutamicum_tracking,bacteria,phase,valid,ok,557,559,557,2,0,557,2,0,0.92
cpsam_v2,cglutamicum_tracking__ctc_format__01__t0665,cglutamicum_tracking,bacteria,phase,valid,ok,992,1000,991,9,1,991,9,1,0.99
cpsam_v2,cglutamicum_tracking__ctc_format__01__t0730,cglutamicum_tracking,bacteria,phase,valid,ok,1375,1399,1373,26,2,1373,26,2,1.08
cpsam_v2,ctc_bf_hsc_brightfield__02-t0046,ctc_bf_hsc_brightfield,mammalian,brightfield,test,ok,2,4,0,4,2,0,4,2,0.83
cpsam_v2,ctc_bf_hsc_brightfield__02-t0056,ctc_bf_hsc_brightfield,mammalian,brightfield,test,ok,2,4,0,4,2,0,4,2,0.84
cpsam_v2,ctc_bf_hsc_brightfield__02-t0287,ctc_bf_hsc_brightfield,mammalian,brightfield,test,ok,4,11,4,7,0,4,7,0,0.82
cpsam_v2,ctc_bf_hsc_brightfield__02-t0448,ctc_bf_hsc_brightfield,mammalian,brightfield,test,ok,8,13,8,5,0,8,5,0,0.84
cpsam_v2,ctc_bf_hsc_brightfield__02-t0799,ctc_bf_hsc_brightfield,mammalian,brightfield,test,ok,16,22,16,6,0,16,6,0,0.84
cpsam_v2,ctc_bf_hsc_brightfield__02-t0879,ctc_bf_hsc_brightfield,mammalian,brightfield,test,ok,16,19,16,3,0,16,3,0,0.84
cpsam_v2,ctc_bf_hsc_brightfield__02-t1585,ctc_bf_hsc_brightfield,mammalian,brightfield,test,ok,105,109,105,4,0,93,16,12,0.86
cpsam_v2,ctc_bf_hsc_brightfield__02-t1748,ctc_bf_hsc_brightfield,mammalian,brightfield,test,ok,156,161,156,5,0,123,38,33,0.9
cpsam_v2,ctc_bf_musc_brightfield__02-t0007,ctc_bf_musc_brightfield,mammalian,brightfield,test,ok,1,3,1,2,0,0,3,1,0.87
cpsam_v2,ctc_bf_musc_brightfield__02-t0121,ctc_bf_musc_brightfield,mammalian,brightfield,test,ok,1,1,1,0,0,0,1,1,0.87
cpsam_v2,ctc_bf_musc_brightfield__02-t0260,ctc_bf_musc_brightfield,mammalian,brightfield,test,ok,1,3,1,2,0,0,3,1,0.89
cpsam_v2,ctc_bf_musc_brightfield__02-t0327,ctc_bf_musc_brightfield,mammalian,brightfield,test,ok,1,2,1,1,0,0,2,1,0.91
cpsam_v2,ctc_bf_musc_brightfield__02-t0381,ctc_bf_musc_brightfield,mammalian,brightfield,test,ok,1,2,1,1,0,0,2,1,0.9
cpsam_v2,ctc_bf_musc_brightfield__02-t0443,ctc_bf_musc_brightfield,mammalian,brightfield,test,ok,1,3,1,2,0,0,3,1,0.88
cpsam_v2,ctc_bf_musc_brightfield__02-t0757,ctc_bf_musc_brightfield,mammalian,brightfield,test,ok,4,6,4,2,0,0,6,4,0.88
cpsam_v2,ctc_bf_musc_brightfield__02-t0875,ctc_bf_musc_brightfield,mammalian,brightfield,test,ok,5,6,5,1,0,5,1,0,0.88
cpsam_v2,ctc_bf_musc_brightfield__02-t1020,ctc_bf_musc_brightfield,mammalian,brightfield,test,ok,9,10,9,1,0,2,8,7,0.89
cpsam_v2,ctc_bf_musc_brightfield__02-t1144,ctc_bf_musc_brightfield,mammalian,brightfield,test,ok,10,9,7,2,3,1,8,9,0.9
cpsam_v2,ctc_bf_musc_brightfield__02-t1232,ctc_bf_musc_brightfield,mammalian,brightfield,test,ok,15,11,9,2,6,2,9,13,0.9
cpsam_v2,ctc_bf_musc_brightfield__02-t1257,ctc_bf_musc_brightfield,mammalian,brightfield,test,ok,15,14,12,2,3,2,12,13,0.88
cpsam_v2,ctc_dic_hela__02-t006,ctc_dic_hela,mammalian,dic,test,ok,10,11,10,1,0,8,3,2,0.35
cpsam_v2,ctc_dic_hela__02-t007,ctc_dic_hela,mammalian,dic,test,ok,9,12,9,3,0,7,5,2,0.35
cpsam_v2,ctc_dic_hela__02-t014,ctc_dic_hela,mammalian,dic,test,ok,9,12,9,3,0,8,4,1,0.34
cpsam_v2,ctc_dic_hela__02-t027,ctc_dic_hela,mammalian,dic,test,ok,11,11,11,0,0,7,4,4,0.36
cpsam_v2,ctc_dic_hela__02-t034,ctc_dic_hela,mammalian,dic,test,ok,10,11,10,1,0,8,3,2,0.36
cpsam_v2,ctc_dic_hela__02-t038,ctc_dic_hela,mammalian,dic,test,ok,11,11,11,0,0,10,1,1,0.37
cpsam_v2,ctc_dic_hela__02-t042,ctc_dic_hela,mammalian,dic,test,ok,9,11,9,2,0,6,5,3,0.37
cpsam_v2,ctc_dic_hela__02-t061,ctc_dic_hela,mammalian,dic,test,ok,14,16,14,2,0,10,6,4,0.41
cpsam_v2,ctc_dic_hela__02-t067,ctc_dic_hela,mammalian,dic,test,ok,14,16,13,3,1,8,8,6,0.39
cpsam_v2,ctc_phc_psc__02-t025,ctc_phc_psc,mammalian,phase,test,ok,68,85,66,19,2,31,54,37,0.36
cpsam_v2,ctc_phc_psc__02-t182,ctc_phc_psc,mammalian,phase,test,ok,186,229,182,47,4,118,111,68,0.37
cpsam_v2,ctc_phc_u373__01-t001,ctc_phc_u373,mammalian,phase,test,ok,6,9,6,3,0,5,4,1,0.37
cpsam_v2,ctc_phc_u373__01-t005,ctc_phc_u373,mammalian,phase,test,ok,6,7,6,1,0,6,1,0,0.37
cpsam_v2,ctc_phc_u373__01-t006,ctc_phc_u373,mammalian,phase,test,ok,6,7,6,1,0,6,1,0,0.37
cpsam_v2,ctc_phc_u373__01-t007,ctc_phc_u373,mammalian,phase,test,ok,6,7,6,1,0,6,1,0,0.37
cpsam_v2,ctc_phc_u373__01-t049,ctc_phc_u373,mammalian,phase,test,ok,6,7,6,1,0,6,1,0,0.36
cpsam_v2,ctc_phc_u373__01-t059,ctc_phc_u373,mammalian,phase,test,ok,7,7,7,0,0,7,0,0,0.37
cpsam_v2,ctc_phc_u373__01-t067,ctc_phc_u373,mammalian,phase,test,ok,7,7,7,0,0,7,0,0,0.37
cpsam_v2,ctc_phc_u373__01-t072,ctc_phc_u373,mammalian,phase,test,ok,7,7,7,0,0,7,0,0,0.37
cpsam_v2,ctc_phc_u373__01-t092,ctc_phc_u373,mammalian,phase,test,ok,7,9,7,2,0,7,2,0,0.37
cpsam_v2,ctc_phc_u373__01-t096,ctc_phc_u373,mammalian,phase,test,ok,7,9,7,2,0,7,2,0,0.37
cpsam_v2,ctc_phc_u373__01-t100,ctc_phc_u373,mammalian,phase,test,ok,7,7,7,0,0,7,0,0,0.38
cpsam_v2,ctc_phc_u373__01-t102,ctc_phc_u373,mammalian,phase,test,ok,7,7,7,0,0,7,0,0,0.37
cpsam_v2,deepbacs_ecoli_stationary__DeepBacs_Data_Segmentation_Ecoli_stationary_phase__test__brightfield__pos_7_slice_1,deepbacs_ecoli_stationary,bacteria,brightfield,valid,ok,44,41,37,4,7,31,10,13,0.27
cpsam_v2,deepbacs_ecoli_stationary__DeepBacs_Data_Segmentation_Ecoli_stationary_phase__test__brightfield__pos_7_slice_10,deepbacs_ecoli_stationary,bacteria,brightfield,valid,ok,44,40,36,4,8,30,10,14,0.27
cpsam_v2,deepbacs_ecoli_stationary__DeepBacs_Data_Segmentation_Ecoli_stationary_phase__test__brightfield__pos_7_slice_20,deepbacs_ecoli_stationary,bacteria,brightfield,valid,ok,47,44,41,3,6,31,13,16,0.27
cpsam_v2,deepbacs_ecoli_stationary__DeepBacs_Data_Segmentation_Ecoli_stationary_phase__train__brightfield__pos_1_slice_1,deepbacs_ecoli_stationary,bacteria,brightfield,valid,ok,32,31,30,1,2,24,7,8,0.26
cpsam_v2,deepbacs_ecoli_stationary__DeepBacs_Data_Segmentation_Ecoli_stationary_phase__train__brightfield__pos_1_slice_10,deepbacs_ecoli_stationary,bacteria,brightfield,valid,ok,34,34,34,0,0,26,8,8,0.27
cpsam_v2,deepbacs_ecoli_stationary__DeepBacs_Data_Segmentation_Ecoli_stationary_phase__train__brightfield__pos_1_slice_20,deepbacs_ecoli_stationary,bacteria,brightfield,valid,ok,34,34,34,0,0,30,4,4,0.27
cpsam_v2,deepbacs_ecoli_stationary__DeepBacs_Data_Segmentation_Ecoli_stationary_phase__train__brightfield__pos_5_slice_1,deepbacs_ecoli_stationary,bacteria,brightfield,valid,ok,40,39,37,2,3,34,5,6,0.27
cpsam_v2,deepbacs_ecoli_stationary__DeepBacs_Data_Segmentation_Ecoli_stationary_phase__train__brightfield__pos_5_slice_10,deepbacs_ecoli_stationary,bacteria,brightfield,valid,ok,41,41,39,2,2,36,5,5,0.28
cpsam_v2,deepbacs_ecoli_stationary__DeepBacs_Data_Segmentation_Ecoli_stationary_phase__train__brightfield__pos_5_slice_20,deepbacs_ecoli_stationary,bacteria,brightfield,valid,ok,42,42,40,2,2,38,4,4,0.28
cpsam_v2,deepbacs_mixed__DeepBacs_Data_Segmentation_StarDist_MIXED_dataset__test__source__pos5_fr_1,deepbacs_mixed,bacteria,brightfield,valid,ok,36,36,36,0,0,36,0,0,0.75
cpsam_v2,deepbacs_mixed__DeepBacs_Data_Segmentation_StarDist_MIXED_dataset__test__source__pos5_fr_20,deepbacs_mixed,bacteria,brightfield,valid,ok,48,46,46,0,2,45,1,3,0.74
cpsam_v2,deepbacs_mixed__DeepBacs_Data_Segmentation_StarDist_MIXED_dataset__test__source__pos5_fr_40,deepbacs_mixed,bacteria,brightfield,valid,ok,51,51,48,3,3,47,4,4,0.74
cpsam_v2,deepbacs_mixed__DeepBacs_Data_Segmentation_StarDist_MIXED_dataset__test__source__pos5_fr_60,deepbacs_mixed,bacteria,brightfield,valid,ok,63,63,62,1,1,59,4,4,0.75
cpsam_v2,deepbacs_mixed__DeepBacs_Data_Segmentation_StarDist_MIXED_dataset__test__source__pos5_fr_80,deepbacs_mixed,bacteria,brightfield,valid,ok,73,77,66,11,7,63,14,10,0.75
cpsam_v2,deepbacs_saureus__DeepBacs_Data_Segmentation_Staph_Aureus_dataset__brightfield_dataset__train__full_images__brightfield__JE2NileRed_oilp22_PMP_101220_001,deepbacs_saureus,bacteria,brightfield,valid,ok,335,348,335,13,0,197,151,138,0.28
cpsam_v2,deepbacs_saureus__DeepBacs_Data_Segmentation_Staph_Aureus_dataset__brightfield_dataset__train__full_images__brightfield__JE2NileRed_oilp22_PMP_101220_003,deepbacs_saureus,bacteria,brightfield,valid,ok,46,48,46,2,0,33,15,13,0.26
cpsam_v2,deepsea_phase__test-A3_03_1_2_Phase Contrast_003,deepsea_phase,mammalian,phase,valid,ok,19,20,13,7,6,3,17,16,0.97
cpsam_v2,deepsea_phase__test-A3_03_1_7_Phase Contrast_116,deepsea_phase,mammalian,phase,valid,ok,16,15,13,2,3,9,6,7,0.95
cpsam_v2,deepsea_phase__train-A3_03_1_2_Phase Contrast_013,deepsea_phase,mammalian,phase,valid,ok,21,22,18,4,3,5,17,16,0.96
cpsam_v2,deepsea_phase__train-A3_03_1_2_Phase Contrast_076,deepsea_phase,mammalian,phase,valid,ok,20,15,10,5,10,3,12,17,0.96
cpsam_v2,deepsea_phase__train-A3_03_1_2_Phase Contrast_150,deepsea_phase,mammalian,phase,valid,ok,23,19,17,2,6,9,10,14,0.96
cpsam_v2,deepsea_phase__train-A3_03_1_2_Phase Contrast_220,deepsea_phase,mammalian,phase,valid,ok,26,22,22,0,4,8,14,18,0.97
cpsam_v2,deepsea_phase__train-A3_03_1_7_Phase Contrast_005,deepsea_phase,mammalian,phase,valid,ok,15,17,14,3,1,13,4,2,0.96
cpsam_v2,deepsea_phase__train-A3_03_1_7_Phase Contrast_068,deepsea_phase,mammalian,phase,valid,ok,16,19,12,7,4,10,9,6,0.97
cpsam_v2,deepsea_phase__train-A3_03_1_7_Phase Contrast_140,deepsea_phase,mammalian,phase,valid,ok,17,18,16,2,1,11,7,6,0.98
cpsam_v2,deepsea_phase__train-A3_03_1_7_Phase Contrast_212,deepsea_phase,mammalian,phase,valid,ok,23,21,19,2,4,13,8,10,0.96
cpsam_v2,deepsea_phase__train-A3_03_1_7_Phase Contrast_277,deepsea_phase,mammalian,phase,valid,ok,20,19,16,3,4,11,8,9,0.97
cpsam_v2,deepsea_phase__train-A3_03_1_7_Phase Contrast_340,deepsea_phase,mammalian,phase,valid,ok,29,29,27,2,2,19,10,10,0.95
cpsam_v2,dic_hepg2__unpacked_2021-11-15_HepG2_Calcein_AM_2021-11-15_HepG2_Calcein_AM_coco_format_val_annotations__0030,dic_hepg2,mammalian,dic,valid,ok,16,5,1,4,15,0,5,16,0.87
cpsam_v2,dic_hepg2__unpacked_2021-11-15_HepG2_Calcein_AM_2021-11-15_HepG2_Calcein_AM_coco_format_val_annotations__0125,dic_hepg2,mammalian,dic,valid,ok,18,5,4,1,14,2,3,16,0.91
cpsam_v2,dic_hepg2__unpacked_2021-11-15_HepG2_Calcein_AM_2021-11-15_HepG2_Calcein_AM_coco_format_val_annotations__0186,dic_hepg2,mammalian,dic,valid,ok,30,6,5,1,25,4,2,26,0.92
cpsam_v2,dic_hepg2__unpacked_2021-11-15_HepG2_Calcein_AM_2021-11-15_HepG2_Calcein_AM_coco_format_val_annotations__0235,dic_hepg2,mammalian,dic,valid,ok,20,2,1,1,19,0,2,20,0.85
cpsam_v2,dic_hepg2__unpacked_2021-11-15_HepG2_Calcein_AM_2021-11-15_HepG2_Calcein_AM_coco_format_val_annotations__0281,dic_hepg2,mammalian,dic,valid,ok,21,1,1,0,20,1,0,20,0.85
cpsam_v2,dic_hepg2__unpacked_2021-11-15_HepG2_Calcein_AM_2021-11-15_HepG2_Calcein_AM_coco_format_val_annotations__0309,dic_hepg2,mammalian,dic,valid,ok,29,2,0,2,29,0,2,29,0.85
cpsam_v2,dic_hepg2__unpacked_2021-11-15_HepG2_Calcein_AM_2021-11-15_HepG2_Calcein_AM_coco_format_val_annotations__0359,dic_hepg2,mammalian,dic,valid,ok,52,7,6,1,46,2,5,50,0.89
cpsam_v2,dic_hepg2__unpacked_2021-11-15_HepG2_Calcein_AM_2021-11-15_HepG2_Calcein_AM_coco_format_val_annotations__0399,dic_hepg2,mammalian,dic,valid,ok,1,4,0,4,1,0,4,1,0.86
cpsam_v2,dic_hepg2__unpacked_2021-11-15_HepG2_Calcein_AM_2021-11-15_HepG2_Calcein_AM_coco_format_val_annotations__0446,dic_hepg2,mammalian,dic,valid,ok,29,4,3,1,26,1,3,28,0.88
cpsam_v2,dic_hepg2__unpacked_2021-11-15_HepG2_Calcein_AM_2021-11-15_HepG2_Calcein_AM_coco_format_val_annotations__0492,dic_hepg2,mammalian,dic,valid,ok,5,2,0,2,5,0,2,5,0.84
cpsam_v2,dic_hepg2__unpacked_2021-11-15_HepG2_Calcein_AM_2021-11-15_HepG2_Calcein_AM_coco_format_val_annotations__0526,dic_hepg2,mammalian,dic,valid,ok,7,4,0,4,7,0,4,7,0.86
cpsam_v2,dic_hepg2__unpacked_2021-11-15_HepG2_Calcein_AM_2021-11-15_HepG2_Calcein_AM_coco_format_val_annotations__0570,dic_hepg2,mammalian,dic,valid,ok,6,3,0,3,6,0,3,6,0.83
cpsam_v2,ecoli_microcolony_lineage__recA__recA__151027-10__segmentation__151027-10seg001,ecoli_microcolony_lineage,bacteria,phase,valid,ok,2,2,2,0,0,2,0,0,0.13
cpsam_v2,ecoli_microcolony_lineage__recA__recA__151027-10__segmentation__151027-10seg006,ecoli_microcolony_lineage,bacteria,phase,valid,ok,5,4,3,1,2,1,3,4,0.14
cpsam_v2,ecoli_microcolony_lineage__recA__recA__151027-10__segmentation__151027-10seg011,ecoli_microcolony_lineage,bacteria,phase,valid,ok,15,15,15,0,0,1,14,14,0.2
cpsam_v2,ecoli_microcolony_lineage__recA__recA__151027-10__segmentation__151027-10seg016,ecoli_microcolony_lineage,bacteria,phase,valid,ok,46,40,34,6,12,2,38,44,0.26
cpsam_v2,ecoli_microcolony_lineage__recA__recA__151027-10__segmentation__151027-10seg021,ecoli_microcolony_lineage,bacteria,phase,valid,ok,167,153,136,17,31,19,134,148,0.64
cpsam_v2,ecoli_microcolony_lineage__recA__recA__151028-01__segmentation__151028-01seg001,ecoli_microcolony_lineage,bacteria,phase,valid,ok,2,2,2,0,0,2,0,0,0.14
cpsam_v2,ecoli_microcolony_lineage__recA__recA__151028-01__segmentation__151028-01seg006,ecoli_microcolony_lineage,bacteria,phase,valid,ok,5,5,2,3,3,2,3,3,0.14
cpsam_v2,ecoli_microcolony_lineage__recA__recA__151028-01__segmentation__151028-01seg011,ecoli_microcolony_lineage,bacteria,phase,valid,ok,16,16,16,0,0,7,9,9,0.2
cpsam_v2,ecoli_microcolony_lineage__recA__recA__151028-01__segmentation__151028-01seg016,ecoli_microcolony_lineage,bacteria,phase,valid,ok,60,60,58,2,2,31,29,29,0.45
cpsam_v2,fusionx__test_png__2,fusionx,mammalian,mixed_bf_fluo,test,ok,116,149,112,37,4,106,43,10,0.33
cpsam_v2,fusionx__test_png__24,fusionx,mammalian,mixed_bf_fluo,test,ok,261,322,248,74,13,237,85,24,1.8
cpsam_v2,fusionx__test_png__36,fusionx,mammalian,mixed_bf_fluo,test,ok,116,146,109,37,7,95,51,21,0.43
cpsam_v2,fusionx__test_png__46,fusionx,mammalian,mixed_bf_fluo,test,ok,90,107,74,33,16,54,53,36,0.56
cpsam_v2,fusionx__test_png__48,fusionx,mammalian,mixed_bf_fluo,test,ok,39,34,29,5,10,23,11,16,0.38
cpsam_v2,fusionx__test_png__50,fusionx,mammalian,mixed_bf_fluo,test,ok,47,52,45,7,2,44,8,3,0.21
cpsam_v2,fusionx__test_png__7,fusionx,mammalian,mixed_bf_fluo,test,ok,53,66,48,18,5,45,21,8,0.2
cpsam_v2,glioma_c6_phase__unpacked_dataset_dataset_spec_valid_anno_valid__spec_24h_10x_42__t00,glioma_c6_phase,mammalian,phase,valid,ok,28,14,6,8,22,2,12,26,0.76
cpsam_v2,glioma_c6_phase__unpacked_dataset_dataset_spec_valid_anno_valid__spec_24h_10x_42__t02,glioma_c6_phase,mammalian,phase,valid,ok,18,6,3,3,15,0,6,18,0.73
cpsam_v2,glioma_c6_phase__unpacked_dataset_dataset_spec_valid_anno_valid__spec_24h_10x_42__t11,glioma_c6_phase,mammalian,phase,valid,ok,17,6,4,2,13,3,3,14,0.74
cpsam_v2,glioma_c6_phase__unpacked_dataset_dataset_spec_valid_anno_valid__spec_24h_10x_43__t00,glioma_c6_phase,mammalian,phase,valid,ok,29,6,3,3,26,1,5,28,0.74
cpsam_v2,glioma_c6_phase__unpacked_dataset_dataset_spec_valid_anno_valid__spec_24h_10x_43__t02,glioma_c6_phase,mammalian,phase,valid,ok,34,13,10,3,24,5,8,29,0.74
cpsam_v2,glioma_c6_phase__unpacked_dataset_dataset_spec_valid_anno_valid__spec_24h_10x_43__t11,glioma_c6_phase,mammalian,phase,valid,ok,29,9,5,4,24,0,9,29,0.75
cpsam_v2,glioma_c6_phase__unpacked_dataset_dataset_spec_valid_anno_valid__spec_24h_10x_44__t00,glioma_c6_phase,mammalian,phase,valid,ok,40,21,11,10,29,3,18,37,0.75
cpsam_v2,glioma_c6_phase__unpacked_dataset_dataset_spec_valid_anno_valid__spec_24h_10x_44__t02,glioma_c6_phase,mammalian,phase,valid,ok,36,21,11,10,25,4,17,32,0.75
cpsam_v2,glioma_c6_phase__unpacked_dataset_dataset_spec_valid_anno_valid__spec_24h_10x_44__t11,glioma_c6_phase,mammalian,phase,valid,ok,37,11,5,6,32,1,10,36,0.74
cpsam_v2,glioma_c6_phase__unpacked_dataset_dataset_spec_valid_anno_valid__spec_24h_10x_45__t00,glioma_c6_phase,mammalian,phase,valid,ok,54,34,25,9,29,8,26,46,0.76
cpsam_v2,glioma_c6_phase__unpacked_dataset_dataset_spec_valid_anno_valid__spec_24h_10x_45__t02,glioma_c6_phase,mammalian,phase,valid,ok,42,28,16,12,26,3,25,39,0.74
cpsam_v2,glioma_c6_phase__unpacked_dataset_dataset_spec_valid_anno_valid__spec_24h_10x_45__t11,glioma_c6_phase,mammalian,phase,valid,ok,57,18,11,7,46,3,15,54,0.74
cpsam_v2,hela_coco__unpacked_hela_cells_coco_labels_val__HeLa_2024_11_06_02,hela_coco,mammalian,brightfield,test,ok,6,17,0,17,6,0,17,6,1.07
cpsam_v2,hela_coco__unpacked_hela_cells_coco_labels_val__HeLa_2024_11_06_09,hela_coco,mammalian,brightfield,test,ok,8,2,0,2,8,0,2,8,1.06
cpsam_v2,hela_coco__unpacked_hela_cells_coco_labels_val__HeLa_2024_11_06_105,hela_coco,mammalian,brightfield,test,ok,6,1,0,1,6,0,1,6,1.05
cpsam_v2,hela_coco__unpacked_hela_cells_coco_labels_val__HeLa_2024_11_06_24,hela_coco,mammalian,brightfield,test,ok,3,1,0,1,3,0,1,3,1.08
cpsam_v2,hela_coco__unpacked_hela_cells_coco_labels_val__HeLa_2024_11_06_32,hela_coco,mammalian,brightfield,test,ok,3,1,0,1,3,0,1,3,1.09
cpsam_v2,hela_coco__unpacked_hela_cells_coco_labels_val__HeLa_2024_11_06_39,hela_coco,mammalian,brightfield,test,ok,2,4,2,2,0,1,3,1,1.09
cpsam_v2,hela_coco__unpacked_hela_cells_coco_labels_val__HeLa_2024_11_06_45,hela_coco,mammalian,brightfield,test,ok,5,3,2,1,3,2,1,3,1.08
cpsam_v2,hela_coco__unpacked_hela_cells_coco_labels_val__HeLa_2024_11_06_52,hela_coco,mammalian,brightfield,test,ok,3,1,0,1,3,0,1,3,1.08
cpsam_v2,hela_coco__unpacked_hela_cells_coco_labels_val__HeLa_2024_11_06_61,hela_coco,mammalian,brightfield,test,ok,3,22,0,22,3,0,22,3,1.06
cpsam_v2,hela_coco__unpacked_hela_cells_coco_labels_val__HeLa_2024_11_06_72,hela_coco,mammalian,brightfield,test,ok,2,8,0,8,2,0,8,2,1.08
cpsam_v2,hela_coco__unpacked_hela_cells_coco_labels_val__HeLa_2024_11_06_82,hela_coco,mammalian,brightfield,test,ok,4,7,0,7,4,0,7,4,1.08
cpsam_v2,hela_coco__unpacked_hela_cells_coco_labels_val__HeLa_2024_11_06_97,hela_coco,mammalian,brightfield,test,ok,4,4,0,4,4,0,4,4,1.07
cpsam_v2,hspc2__hspc2__images__365,hspc2,mammalian,brightfield,valid,ok,9,9,6,3,3,1,8,8,1.07
cpsam_v2,hspc2__hspc2__images__393,hspc2,mammalian,brightfield,valid,ok,8,8,6,2,2,2,6,6,1.06
cpsam_v2,hspc2__hspc2__images__658,hspc2,mammalian,brightfield,valid,ok,4,4,2,2,2,0,4,4,1.07
cpsam_v2,hspc2__hspc2__images__664,hspc2,mammalian,brightfield,valid,ok,4,4,3,1,1,1,3,3,1.06
cpsam_v2,hspc2__hspc2__images__671,hspc2,mammalian,brightfield,valid,ok,2,1,1,0,1,0,1,2,1.06
cpsam_v2,hspc2__hspc2__images__673,hspc2,mammalian,brightfield,valid,ok,2,4,2,2,0,0,4,2,1.06
cpsam_v2,hspc2__hspc2__images__677,hspc2,mammalian,brightfield,valid,ok,2,1,0,1,2,0,1,2,1.06
cpsam_v2,hspc2__hspc2__images__683,hspc2,mammalian,brightfield,valid,ok,2,1,0,1,2,0,1,2,1.06
cpsam_v2,hspc2__hspc2__images__686,hspc2,mammalian,brightfield,valid,ok,8,6,4,2,4,1,5,7,1.06
cpsam_v2,hspc2__hspc2__images__688,hspc2,mammalian,brightfield,valid,ok,4,5,3,2,1,0,5,4,1.07
cpsam_v2,hspc2__hspc2__images__699,hspc2,mammalian,brightfield,valid,ok,4,3,1,2,3,0,3,4,1.07
cpsam_v2,hspc2__hspc2__images__810,hspc2,mammalian,brightfield,valid,ok,2,4,2,2,0,1,3,1,1.06
cpsam_v2,livecell_phase__test-Huh7_Phase_A12_2_00d00h00m_1,livecell_phase,mammalian,phase,valid,ok,46,51,45,6,1,36,15,10,0.37
cpsam_v2,livecell_phase__test-Huh7_Phase_A12_2_03d12h00m_1,livecell_phase,mammalian,phase,valid,ok,51,54,45,9,6,41,13,10,0.38
cpsam_v2,livecell_phase__test-MCF7_Phase_H4_1_02d20h00m_2,livecell_phase,mammalian,phase,valid,ok,949,647,516,131,433,125,522,824,0.41
cpsam_v2,livecell_phase__test-SHSY5Y_Phase_A10_1_02d12h00m_3,livecell_phase,mammalian,phase,valid,ok,598,453,408,45,190,200,253,398,0.44
cpsam_v2,livecell_phase__train-Huh7_Phase_A10_2_02d12h00m_3,livecell_phase,mammalian,phase,valid,ok,79,60,54,6,25,46,14,33,0.38
cpsam_v2,livecell_phase__train-Huh7_Phase_A11_2_02d04h00m_2,livecell_phase,mammalian,phase,valid,ok,32,32,27,5,5,18,14,14,0.37
cpsam_v2,livecell_phase__train-MCF7_Phase_E4_1_02d04h00m_2,livecell_phase,mammalian,phase,valid,ok,548,478,405,73,143,237,241,311,0.4
cpsam_v2,livecell_phase__train-MCF7_Phase_F4_1_02d12h00m_3,livecell_phase,mammalian,phase,valid,ok,464,462,304,158,160,119,343,345,0.4
cpsam_v2,livecell_phase__train-MCF7_Phase_G4_1_02d16h00m_4,livecell_phase,mammalian,phase,valid,ok,487,460,382,78,105,195,265,292,0.4
cpsam_v2,livecell_phase__train-SHSY5Y_Phase_B10_1_03d00h00m_2,livecell_phase,mammalian,phase,valid,ok,536,462,343,119,193,82,380,454,0.42
cpsam_v2,livecell_phase__train-SHSY5Y_Phase_C10_1_03d12h00m_2,livecell_phase,mammalian,phase,valid,ok,632,491,395,96,237,133,358,499,0.43
cpsam_v2,livecell_phase__val-Huh7_Phase_A11_2_02d08h00m_3,livecell_phase,mammalian,phase,valid,ok,62,57,49,8,13,32,25,30,0.39
cpsam_v2,mcellseg__mCellSeg__mCellSeg__labeled__images__BF-HUVEC_Glx_Polymers-02_S132-0002__t00,mcellseg,mammalian,brightfield,valid,ok,14,21,8,13,6,6,15,8,1.08
cpsam_v2,mcellseg__mCellSeg__mCellSeg__labeled__images__BF-HUVEC_Glx_Polymers-02_S132-0008__t12,mcellseg,mammalian,brightfield,valid,ok,20,13,10,3,10,2,11,18,1.14
cpsam_v2,mcellseg__mCellSeg__mCellSeg__labeled__images__HEK-GFP-FumGW_CO_20x_1_BF__t20,mcellseg,mammalian,brightfield,valid,ok,16,0,0,0,16,0,0,16,0.67
cpsam_v2,mcellseg__mCellSeg__mCellSeg__labeled__images__HEK-GFP-FumGW_P3_20x_1_BF__t22,mcellseg,mammalian,brightfield,valid,ok,12,0,0,0,12,0,0,12,0.7
cpsam_v2,mcellseg__mCellSeg__mCellSeg__labeled__images__HEK-GFP_15000cells_40x_10czi-C_2__t01,mcellseg,mammalian,dic,valid,ok,7,4,0,4,7,0,4,7,0.73
cpsam_v2,mcellseg__mCellSeg__mCellSeg__labeled__images__HEK-GFP_15000cells_40x_5czi-C_2__t11,mcellseg,mammalian,dic,valid,ok,24,1,0,1,24,0,1,24,0.72
cpsam_v2,mcellseg__mCellSeg__mCellSeg__labeled__images__HEK-GFP_15000cells_40x_7czi-C_2__t22,mcellseg,mammalian,dic,valid,ok,11,0,0,0,11,0,0,11,0.7
cpsam_v2,mcellseg__mCellSeg__mCellSeg__labeled__images__HEK-GFP_6000cells_40x_3czi-C_2__t10,mcellseg,mammalian,dic,valid,ok,7,0,0,0,7,0,0,7,0.66
cpsam_v2,mcellseg__mCellSeg__mCellSeg__labeled__images__HEK-GFP_6000cells_40x_5czi-C_2__t12,mcellseg,mammalian,dic,valid,ok,5,0,0,0,5,0,0,5,0.7
cpsam_v2,mcellseg__mCellSeg__mCellSeg__labeled__images__HEK_6h_20240306_FumGW_C004T001,mcellseg,mammalian,dic,valid,ok,264,122,106,16,158,69,53,195,0.98
cpsam_v2,mcellseg__mCellSeg__mCellSeg__labeled__images__HEK_FUMGW_GFP_2_BF__t01,mcellseg,mammalian,brightfield,valid,ok,2,2,2,0,0,0,2,2,1.07
cpsam_v2,mcellseg__mCellSeg__mCellSeg__labeled__images__HEK_FUMGW_GFP_4_BF__t10,mcellseg,mammalian,brightfield,valid,ok,19,19,17,2,2,13,6,6,1.14
cpsam_v2,microbeseg__microbeSEG_dataset__microbeSEG_dataset__30min-man_15min-pre__complete__img_000,microbeseg,bacteria,phase,test,ok,20,34,15,19,5,13,21,7,0.16
cpsam_v2,microbeseg__microbeSEG_dataset__microbeSEG_dataset__30min-man_15min-pre__complete__img_001,microbeseg,bacteria,phase,test,ok,34,34,29,5,5,0,34,34,0.13
cpsam_v2,microbeseg__microbeSEG_dataset__microbeSEG_dataset__30min-man_15min-pre__complete__img_003,microbeseg,bacteria,phase,test,ok,14,22,10,12,4,2,20,12,0.15
cpsam_v2,microbeseg__microbeSEG_dataset__microbeSEG_dataset__30min-man_15min-pre__complete__img_005,microbeseg,bacteria,phase,test,ok,15,37,15,22,0,0,37,15,0.14
cpsam_v2,microbeseg__microbeSEG_dataset__microbeSEG_dataset__30min-man_15min-pre__complete__img_007,microbeseg,bacteria,phase,test,ok,41,41,40,1,1,1,40,40,0.13
cpsam_v2,microbeseg__microbeSEG_dataset__microbeSEG_dataset__30min-man_15min-pre__complete__img_009,microbeseg,bacteria,phase,test,ok,14,25,14,11,0,1,24,13,0.13
cpsam_v2,microbeseg__microbeSEG_dataset__microbeSEG_dataset__30min-man_15min-pre__complete__img_011,microbeseg,bacteria,phase,test,ok,29,49,26,23,3,1,48,28,0.14
cpsam_v2,microbeseg__microbeSEG_dataset__microbeSEG_dataset__30min-man_15min-pre__complete__img_012,microbeseg,bacteria,phase,test,ok,17,26,15,11,2,0,26,17,0.14
cpsam_v2,microbeseg__microbeSEG_dataset__microbeSEG_dataset__30min-man_15min-pre__complete__img_014,microbeseg,bacteria,phase,test,ok,51,39,33,6,18,18,21,33,0.17
cpsam_v2,microbeseg__microbeSEG_dataset__microbeSEG_dataset__30min-man_15min-pre__complete__img_016,microbeseg,bacteria,phase,test,ok,90,87,75,12,15,0,87,90,0.14
cpsam_v2,microbeseg__microbeSEG_dataset__microbeSEG_dataset__30min-man_15min-pre__complete__img_019,microbeseg,bacteria,phase,test,ok,7,29,7,22,0,1,28,6,0.14
cpsam_v2,microbeseg__microbeSEG_dataset__microbeSEG_dataset__30min-man_15min-pre__complete__img_021,microbeseg,bacteria,phase,test,ok,80,99,73,26,7,0,99,80,0.16
cpsam_v2,omnipose_bact_phase__5I_crop_ensemble_0,omnipose_bact_phase,bacteria,phase,test,ok,669,660,646,14,23,645,15,24,0.33
cpsam_v2,omnipose_bact_phase__5I_crop_ensemble_7,omnipose_bact_phase,bacteria,phase,test,ok,282,282,271,11,11,265,17,17,0.29
cpsam_v2,omnipose_bact_phase__Hpylori2_5,omnipose_bact_phase,bacteria,phase,test,ok,37,38,35,3,2,35,3,2,0.3
cpsam_v2,omnipose_bact_phase__Hpylori_ensemble_11,omnipose_bact_phase,bacteria,phase,test,ok,20,20,20,0,0,20,0,0,0.32
cpsam_v2,omnipose_bact_phase__Hpylori_ensemble_3,omnipose_bact_phase,bacteria,phase,test,ok,26,25,24,1,2,23,2,3,0.31
cpsam_v2,omnipose_bact_phase__ftsN_ensemble_0,omnipose_bact_phase,bacteria,phase,test,ok,23,20,20,0,3,20,0,3,0.33
cpsam_v2,omnipose_bact_phase__ftsN_ensemble_16,omnipose_bact_phase,bacteria,phase,test,ok,10,9,9,0,1,9,0,1,0.32
cpsam_v2,omnipose_bact_phase__ftsN_ensemble_22,omnipose_bact_phase,bacteria,phase,test,ok,10,9,9,0,1,8,1,2,0.31
cpsam_v2,omnipose_bact_phase__ftsN_ensemble_29,omnipose_bact_phase,bacteria,phase,test,ok,10,10,10,0,0,10,0,0,0.32
cpsam_v2,omnipose_bact_phase__ftsN_ensemble_35,omnipose_bact_phase,bacteria,phase,test,ok,10,9,9,0,1,8,1,2,0.32
cpsam_v2,omnipose_bact_phase__ftsN_ensemble_41,omnipose_bact_phase,bacteria,phase,test,ok,33,33,33,0,0,33,0,0,0.33
cpsam_v2,omnipose_bact_phase__ftsN_ensemble_48,omnipose_bact_phase,bacteria,phase,test,ok,26,26,26,0,0,26,0,0,0.31
cpsam_v2,omnisegger_brightfield__superscopegfp__superscopenucleargfp__xy1_1_MMStack_Pos0_z0_bf_warped,omnisegger_brightfield,bacteria,brightfield,valid,ok,23,23,23,0,0,19,4,4,0.27
cpsam_v2,omnisegger_brightfield__superscopegfp__superscopenucleargfp__xy1_1_MMStack_Pos0_z12_bf_warped,omnisegger_brightfield,bacteria,brightfield,valid,ok,23,19,17,2,6,14,5,9,0.27
cpsam_v2,omnisegger_brightfield__superscopegfp__superscopenucleargfp__xy1_1_MMStack_Pos0_z15_bf_warped,omnisegger_brightfield,bacteria,brightfield,valid,ok,23,10,7,3,16,4,6,19,0.28
cpsam_v2,omnisegger_brightfield__superscopegfp__superscopenucleargfp__xy1_1_MMStack_Pos0_z21_bf_warped,omnisegger_brightfield,bacteria,brightfield,valid,ok,23,21,20,1,3,19,2,4,0.27
cpsam_v2,omnisegger_brightfield__superscopegfp__superscopenucleargfp__xy1_1_MMStack_Pos0_z24_bf_warped,omnisegger_brightfield,bacteria,brightfield,valid,ok,23,22,22,0,1,21,1,2,0.27
cpsam_v2,omnisegger_brightfield__superscopegfp__superscopenucleargfp__xy1_1_MMStack_Pos0_z3_bf_warped,omnisegger_brightfield,bacteria,brightfield,valid,ok,23,23,22,1,1,15,8,8,0.27
cpsam_v2,omnisegger_brightfield__superscopegfp__superscopenucleargfp__xy1_1_MMStack_Pos0_z6_bf_warped,omnisegger_brightfield,bacteria,brightfield,valid,ok,23,22,21,1,2,9,13,14,0.27
cpsam_v2,omnisegger_brightfield__superscopegfp__superscopenucleargfp__xy1_1_MMStack_Pos0_z9_bf_warped,omnisegger_brightfield,bacteria,brightfield,valid,ok,23,22,21,1,2,8,14,15,0.27
cpsam_v2,omnisegger_brightfield__superscopepal__superscopepal__xy1_BFout_mCherry5_1s_1_MMStack_Pos0_z11_bf_warped,omnisegger_brightfield,bacteria,brightfield,valid,ok,54,4,0,4,54,0,4,54,0.28
cpsam_v2,omnisegger_brightfield__superscopepal__superscopepal__xy1_BFout_mCherry5_1s_1_MMStack_Pos0_z14_bf_warped,omnisegger_brightfield,bacteria,brightfield,valid,ok,54,19,9,10,45,8,11,46,0.28
cpsam_v2,omnisegger_brightfield__superscopepal__superscopepal__xy1_BFout_mCherry5_1s_1_MMStack_Pos0_z20_bf_warped,omnisegger_brightfield,bacteria,brightfield,valid,ok,54,29,16,13,38,10,19,44,0.28
cpsam_v2,omnisegger_brightfield__superscopepal__superscopepal__xy1_BFout_mCherry5_1s_1_MMStack_Pos0_z3_bf_warped,omnisegger_brightfield,bacteria,brightfield,valid,ok,54,33,22,11,32,17,16,37,0.28
cpsam_v2,organoid_osf__unpacked__OrganoID__MouseOrganoids__training__pre_augmented__images__b_image0001__t00,organoid_osf,mammalian,brightfield,valid,ok,5,7,4,3,1,0,7,5,0.72
cpsam_v2,organoid_osf__unpacked__OrganoID__MouseOrganoids__training__pre_augmented__images__b_image0001__t11,organoid_osf,mammalian,brightfield,valid,ok,5,9,3,6,2,3,6,2,0.74
cpsam_v2,organoid_osf__unpacked__OrganoID__MouseOrganoids__training__pre_augmented__images__b_image0003__t10,organoid_osf,mammalian,brightfield,valid,ok,12,11,7,4,5,5,6,7,0.75
cpsam_v2,organoid_osf__unpacked__OrganoID__MouseOrganoids__training__pre_augmented__images__b_image0005__t02,organoid_osf,mammalian,brightfield,valid,ok,1,4,1,3,0,1,3,0,0.72
cpsam_v2,organoid_osf__unpacked__OrganoID__MouseOrganoids__training__pre_augmented__images__b_image0010__t10,organoid_osf,mammalian,brightfield,valid,ok,5,4,3,1,2,3,1,2,0.73
cpsam_v2,organoid_osf__unpacked__OrganoID__MouseOrganoids__training__pre_augmented__images__image0022__t01,organoid_osf,mammalian,brightfield,valid,ok,12,12,11,1,1,11,1,1,0.76
cpsam_v2,organoid_osf__unpacked__OrganoID__MouseOrganoids__training__pre_augmented__images__image0023__t00,organoid_osf,mammalian,brightfield,valid,ok,61,62,53,9,8,49,13,12,0.73
cpsam_v2,organoid_osf__unpacked__OrganoID__MouseOrganoids__training__pre_augmented__images__image0023__t12,organoid_osf,mammalian,brightfield,valid,ok,71,74,65,9,6,59,15,12,0.73
cpsam_v2,organoid_osf__unpacked__OrganoID__MouseOrganoids__validation__images__b_image0002__t11,organoid_osf,mammalian,brightfield,valid,ok,6,6,5,1,1,5,1,1,0.73
cpsam_v2,organoid_osf__unpacked__OrganoID__MouseOrganoids__validation__images__image0006__t02,organoid_osf,mammalian,brightfield,valid,ok,3,6,3,3,0,3,3,0,0.71
cpsam_v2,organoid_osf__unpacked__OrganoID__OriginalData__testing__images__ACC2,organoid_osf,mammalian,brightfield,valid,ok,7,12,6,6,1,5,7,2,0.49
cpsam_v2,organoid_osf__unpacked__OrganoID__OriginalData__testing__images__C5,organoid_osf,mammalian,brightfield,valid,ok,10,15,10,5,0,9,6,1,0.74
cpsam_v2,orgasegment__OrganoidBasic_v20211206__OrganoidBasic_v20211206__train__DIS_0008_ckocuoo6w1i7d345y3n5prxeb_img__t00,orgasegment,mammalian,brightfield,valid,ok,25,31,23,8,2,16,15,9,0.78
cpsam_v2,orgasegment__OrganoidBasic_v20211206__OrganoidBasic_v20211206__train__DIS_0012_ckt8opn0p7e7p0y7u6ar74z6l_img__t00,orgasegment,mammalian,brightfield,valid,ok,10,14,8,6,2,6,8,4,0.77
cpsam_v2,orgasegment__OrganoidBasic_v20211206__OrganoidBasic_v20211206__train__DIS_0013_ckojt57fn00003968tjnkstm8_img__t01,orgasegment,mammalian,brightfield,valid,ok,12,16,11,5,1,7,9,5,0.76
cpsam_v2,orgasegment__OrganoidBasic_v20211206__OrganoidBasic_v20211206__train__DIS_0014_ckointtml1a9b3567cs48vhfi_img__t10,orgasegment,mammalian,brightfield,valid,ok,25,34,21,13,4,18,16,7,0.77
cpsam_v2,orgasegment__OrganoidBasic_v20211206__OrganoidBasic_v20211206__train__DIS_0015_ckojpuyni00003968jo8tjhdt_img__t10,orgasegment,mammalian,brightfield,valid,ok,4,8,4,4,0,2,6,2,0.75
cpsam_v2,orgasegment__OrganoidBasic_v20211206__OrganoidBasic_v20211206__train__DIS_0017_ckoiowlhl1s0c3567eblg4w8e_img__t11,orgasegment,mammalian,brightfield,valid,ok,21,32,17,15,4,13,19,8,0.76
cpsam_v2,orgasegment__OrganoidBasic_v20211206__OrganoidBasic_v20211206__train__DIS_0029_ckp42wmql002p3567tpt48vjq_img__t00,orgasegment,mammalian,brightfield,valid,ok,14,28,13,15,1,10,18,4,0.75
cpsam_v2,orgasegment__OrganoidBasic_v20211206__OrganoidBasic_v20211206__train__DIS_0032_ckwgdlegu67140z66cttt5jru_img__t00,orgasegment,mammalian,brightfield,valid,ok,28,49,23,26,5,15,34,13,0.79
cpsam_v2,orgasegment__OrganoidBasic_v20211206__OrganoidBasic_v20211206__train__DIS_0034_ckojunbmi00003968hi15w04j_img__t01,orgasegment,mammalian,brightfield,valid,ok,13,30,11,19,2,5,25,8,0.76
cpsam_v2,orgasegment__OrganoidBasic_v20211206__OrganoidBasic_v20211206__val__DIS_0005_cknubo7s22ato345zzh09mkx0_img__t10,orgasegment,mammalian,brightfield,valid,ok,32,39,25,14,7,19,20,13,0.79
cpsam_v2,orgasegment__OrganoidBasic_v20211206__OrganoidBasic_v20211206__val__DIS_0023_ckojp95la00223567ws5x5ygi_img__t10,orgasegment,mammalian,brightfield,valid,ok,23,39,21,18,2,15,24,8,0.78
cpsam_v2,orgasegment__OrganoidBasic_v20211206__OrganoidBasic_v20211206__val__DIS_0028_ckojttv1o003b3968wyksf1iu_img__t11,orgasegment,mammalian,brightfield,valid,ok,8,17,8,9,0,6,11,2,0.75
cpsam_v2,orgline__InstanceSeg__InstanceSeg__PDAC__test__images__PDAC10,orgline,mammalian,brightfield,valid,ok,84,86,74,12,10,63,23,21,0.75
cpsam_v2,orgline__InstanceSeg__InstanceSeg__PDAC__train__images__21,orgline,mammalian,brightfield,valid,ok,41,4,2,2,39,1,3,40,0.75
cpsam_v2,orgline__InstanceSeg__InstanceSeg__PDAC__train__images__52,orgline,mammalian,brightfield,valid,ok,36,11,10,1,26,6,5,30,0.29
cpsam_v2,orgline__InstanceSeg__InstanceSeg__PDAC__train__images__58__t10,orgline,mammalian,brightfield,valid,ok,34,23,18,5,16,17,6,17,0.75
cpsam_v2,orgline__InstanceSeg__InstanceSeg__PDAC__train__images__Human_2_016h_patch_4,orgline,mammalian,brightfield,valid,ok,94,52,50,2,44,47,5,47,0.47
cpsam_v2,orgline__InstanceSeg__InstanceSeg__PDAC__train__images__Human_2_032h_patch_2,orgline,mammalian,brightfield,valid,ok,66,38,33,5,33,27,11,39,0.48
cpsam_v2,orgline__InstanceSeg__InstanceSeg__PDAC__train__images__Human_2_048h_patch_2,orgline,mammalian,brightfield,valid,ok,29,295,11,284,18,6,289,23,0.48
cpsam_v2,orgline__InstanceSeg__InstanceSeg__PDAC__train__images__Human_2_064h_patch_3,orgline,mammalian,brightfield,valid,ok,13,3,3,0,10,3,0,10,0.47
cpsam_v2,orgline__InstanceSeg__InstanceSeg__PDAC__train__images__Human_2_092h_patch_0,orgline,mammalian,brightfield,valid,ok,4,1,0,1,4,0,1,4,0.47
cpsam_v2,orgline__InstanceSeg__InstanceSeg__PDAC__val__images__Human_2_008h_patch_4,orgline,mammalian,brightfield,valid,ok,94,27,27,0,67,25,2,69,0.47
cpsam_v2,orgline__InstanceSeg__InstanceSeg__PDAC__val__images__Human_2_064h_patch_4,orgline,mammalian,brightfield,valid,ok,16,536,3,533,13,2,534,14,0.5
cpsam_v2,orgline__InstanceSeg__InstanceSeg__colon__test__images__input_27__t00,orgline,mammalian,brightfield,valid,ok,34,99,34,65,0,33,66,1,0.72
cpsam_v2,partaker__co-culture-1__co-culture-1__frames__P5__frame_P5_T0005,partaker,bacteria,phase,valid,ok,222,217,210,7,12,206,11,16,0.45
cpsam_v2,partaker__co-culture-1__co-culture-1__frames__P5__frame_P5_T0025,partaker,bacteria,phase,valid,ok,249,242,235,7,14,230,12,19,0.46
cpsam_v2,partaker__co-culture-1__co-culture-1__frames__P5__frame_P5_T0060,partaker,bacteria,phase,valid,ok,135,140,116,24,19,110,30,25,0.45
cpsam_v2,partaker__co-culture-1__co-culture-1__frames__P5__frame_P5_T0120,partaker,bacteria,phase,valid,ok,353,398,261,137,92,203,195,150,0.61
cpsam_v2,partaker__co-culture-1__co-culture-1__frames__P5__frame_P5_T0200,partaker,bacteria,phase,valid,ok,540,491,447,44,93,400,91,140,0.62
cpsam_v2,partaker__co-culture-1__co-culture-1__frames__P5__frame_P5_T0300,partaker,bacteria,phase,valid,ok,477,351,304,47,173,270,81,207,0.59
cpsam_v2,partaker__co-culture-1__co-culture-1__frames__P5__frame_P5_T0420,partaker,bacteria,phase,valid,ok,501,422,373,49,128,303,119,198,0.6
cpsam_v2,partaker__co-culture-1__co-culture-1__frames__P5__frame_P5_T0560,partaker,bacteria,phase,valid,ok,394,111,90,21,304,65,46,329,0.48
cpsam_v2,partaker__co-culture-1__co-culture-1__frames__P5__frame_P5_T0700,partaker,bacteria,phase,valid,ok,365,244,191,53,174,147,97,218,0.54
cpsam_v2,partaker__co-culture-1__co-culture-1__frames__P5__frame_P5_T0850,partaker,bacteria,phase,valid,ok,382,83,60,23,322,38,45,344,0.47
cpsam_v2,partaker__co-culture-1__co-culture-1__frames__P5__frame_P5_T1000,partaker,bacteria,phase,valid,ok,416,109,82,27,334,54,55,362,0.49
cpsam_v2,qpi_phase_adherent__00002_A2058,qpi_phase_adherent,mammalian,phase,valid,ok,176,169,148,21,28,73,96,103,0.34
cpsam_v2,qpi_phase_adherent__00004_A2058,qpi_phase_adherent,mammalian,phase,valid,ok,171,170,142,28,29,45,125,126,0.33
cpsam_v2,qpi_phase_adherent__00006_A2058,qpi_phase_adherent,mammalian,phase,valid,ok,149,145,140,5,9,48,97,101,0.35
cpsam_v2,qpi_phase_adherent__00008_A2058,qpi_phase_adherent,mammalian,phase,valid,ok,159,165,142,23,17,64,101,95,0.34
cpsam_v2,qpi_phase_adherent__00010_A2058,qpi_phase_adherent,mammalian,phase,valid,ok,161,157,144,13,17,79,78,82,0.34
cpsam_v2,qpi_phase_adherent__00012_G361,qpi_phase_adherent,mammalian,phase,valid,ok,49,47,36,11,13,23,24,26,0.31
cpsam_v2,qpi_phase_adherent__00015_A2058,qpi_phase_adherent,mammalian,phase,valid,ok,56,57,55,2,1,27,30,29,0.35
cpsam_v2,qpi_phase_adherent__00017_A2058,qpi_phase_adherent,mammalian,phase,valid,ok,50,46,45,1,5,28,18,22,0.35
cpsam_v2,qpi_phase_adherent__00019_A2058,qpi_phase_adherent,mammalian,phase,valid,ok,65,64,57,7,8,22,42,43,0.35
cpsam_v2,qpi_phase_adherent__00021_A2058,qpi_phase_adherent,mammalian,phase,valid,ok,82,76,67,9,15,33,43,49,0.35
cpsam_v2,qpi_phase_adherent__00023_A2058,qpi_phase_adherent,mammalian,phase,valid,ok,66,62,54,8,12,30,32,36,0.34
cpsam_v2,qpi_phase_adherent__00025_A2058,qpi_phase_adherent,mammalian,phase,valid,ok,52,52,48,4,4,21,31,31,0.35
cpsam_v2,redtell_rbc__dse_data__dse_data__images__40,redtell_rbc,mammalian,brightfield,valid,ok,45,56,45,11,0,44,12,1,0.31
cpsam_v2,redtell_rbc__dse_data__dse_data__images__41,redtell_rbc,mammalian,brightfield,valid,ok,13,14,13,1,0,11,3,2,0.29
cpsam_v2,redtell_rbc__dse_data__dse_data__images__43,redtell_rbc,mammalian,brightfield,valid,ok,15,17,15,2,0,15,2,0,0.29
cpsam_v2,redtell_rbc__dse_data__dse_data__images__45,redtell_rbc,mammalian,brightfield,valid,ok,66,90,66,24,0,46,44,20,0.32
cpsam_v2,redtell_rbc__dse_data__dse_data__images__46,redtell_rbc,mammalian,brightfield,valid,ok,20,23,20,3,0,18,5,2,0.29
cpsam_v2,redtell_rbc__dse_data__dse_data__images__48,redtell_rbc,mammalian,brightfield,valid,ok,35,41,35,6,0,33,8,2,0.3
cpsam_v2,redtell_rbc__dse_data__dse_data__images__50,redtell_rbc,mammalian,brightfield,valid,ok,43,57,43,14,0,34,23,9,0.3
cpsam_v2,redtell_rbc__dse_data__dse_data__images__51,redtell_rbc,mammalian,brightfield,valid,ok,47,54,47,7,0,44,10,3,0.31
cpsam_v2,redtell_rbc__dse_data__dse_data__images__53,redtell_rbc,mammalian,brightfield,valid,ok,52,67,52,15,0,51,16,1,0.31
cpsam_v2,redtell_rbc__dse_data__dse_data__images__55,redtell_rbc,mammalian,brightfield,valid,ok,23,25,23,2,0,21,4,2,0.29
cpsam_v2,redtell_rbc__dse_data__dse_data__images__56,redtell_rbc,mammalian,brightfield,valid,ok,40,44,40,4,0,37,7,3,0.3
cpsam_v2,redtell_rbc__dse_data__dse_data__images__58,redtell_rbc,mammalian,brightfield,valid,ok,19,20,19,1,0,16,4,3,0.3
cpsam_v2,revvity_brightfield__train-R01C14F23,revvity_brightfield,mammalian,brightfield,valid,ok,18,1,0,1,18,0,1,18,1.12
cpsam_v2,revvity_brightfield__train-R01C14F29,revvity_brightfield,mammalian,brightfield,valid,ok,9,2,0,2,9,0,2,9,1.12
cpsam_v2,revvity_brightfield__train-R01C14F31,revvity_brightfield,mammalian,brightfield,valid,ok,14,16,0,16,14,0,16,14,1.26
cpsam_v2,revvity_brightfield__train-R04C03F15,revvity_brightfield,mammalian,brightfield,valid,ok,26,0,0,0,26,0,0,26,1.12
cpsam_v2,revvity_brightfield__train-R04C03F25,revvity_brightfield,mammalian,brightfield,valid,ok,33,14,2,12,31,0,14,33,1.27
cpsam_v2,revvity_brightfield__train-R04C03F32,revvity_brightfield,mammalian,brightfield,valid,ok,28,18,0,18,28,0,18,28,1.32
cpsam_v2,revvity_brightfield__valid-R01C14F22,revvity_brightfield,mammalian,brightfield,valid,ok,14,6,0,6,14,0,6,14,1.35
cpsam_v2,revvity_brightfield__valid-R01C14F33,revvity_brightfield,mammalian,brightfield,valid,ok,10,7,0,7,10,0,7,10,1.26
cpsam_v2,revvity_brightfield__valid-R01C14F35,revvity_brightfield,mammalian,brightfield,valid,ok,13,1,0,1,13,0,1,13,1.27
cpsam_v2,revvity_brightfield__valid-R04C03F14,revvity_brightfield,mammalian,brightfield,valid,ok,30,0,0,0,30,0,0,30,1.2
cpsam_v2,revvity_brightfield__valid-R04C03F18,revvity_brightfield,mammalian,brightfield,valid,ok,30,0,0,0,30,0,0,30,1.2
cpsam_v2,revvity_brightfield__valid-R04C03F33,revvity_brightfield,mammalian,brightfield,valid,ok,33,0,0,0,33,0,0,33,1.23
cpsam_v2,sartorius_neurons__cort__029e5b3b89c7,sartorius_neurons,mammalian,phase,valid,ok,34,119,19,100,15,5,114,29,0.41
cpsam_v2,sartorius_neurons__cort__1d8ea1f865e0,sartorius_neurons,mammalian,phase,valid,ok,39,34,13,21,26,7,27,32,0.43
cpsam_v2,sartorius_neurons__cort__3b3991c64f38,sartorius_neurons,mammalian,phase,valid,ok,37,16,11,5,26,1,15,36,0.42
cpsam_v2,sartorius_neurons__cort__4b8dc9c901a6,sartorius_neurons,mammalian,phase,valid,ok,94,123,76,47,18,22,101,72,0.43
cpsam_v2,sartorius_neurons__cort__52a2e248d75b,sartorius_neurons,mammalian,phase,valid,ok,49,13,12,1,37,7,6,42,0.41
cpsam_v2,sartorius_neurons__cort__6867e380fe3c,sartorius_neurons,mammalian,phase,valid,ok,43,107,10,97,33,5,102,38,0.44
cpsam_v2,sartorius_neurons__cort__844ca72ea4c0,sartorius_neurons,mammalian,phase,valid,ok,71,204,59,145,12,16,188,55,0.45
cpsam_v2,sartorius_neurons__cort__a1ff383ad7ff,sartorius_neurons,mammalian,phase,valid,ok,36,73,8,65,28,3,70,33,0.43
cpsam_v2,sartorius_neurons__cort__c6981f294012,sartorius_neurons,mammalian,phase,valid,ok,29,60,8,52,21,3,57,26,0.41
cpsam_v2,sartorius_neurons__cort__dac9a173832d,sartorius_neurons,mammalian,phase,valid,ok,36,15,13,2,23,5,10,31,0.41
cpsam_v2,sartorius_neurons__cort__ececc1fe265d,sartorius_neurons,mammalian,phase,valid,ok,25,13,10,3,15,2,11,23,0.39
cpsam_v2,sartorius_neurons__shsy5y__5a880b2b403e,sartorius_neurons,mammalian,phase,valid,ok,551,368,114,254,437,9,359,542,0.49
cpsam_v2,strack_bacteria__Lysobacter__Lysobacter__Time-lapse_dataset2__raw_images__BF_position3_time0001,strack_bacteria,bacteria,phase,valid,ok,1,4,1,3,0,0,4,1,0.33
cpsam_v2,strack_bacteria__Lysobacter__Lysobacter__Time-lapse_dataset2__raw_images__BF_position3_time0006,strack_bacteria,bacteria,phase,valid,ok,3,3,1,2,2,0,3,3,0.32
cpsam_v2,strack_bacteria__Lysobacter__Lysobacter__Time-lapse_dataset2__raw_images__BF_position3_time0011,strack_bacteria,bacteria,phase,valid,ok,6,7,6,1,0,6,1,0,0.31
cpsam_v2,strack_bacteria__Lysobacter__Lysobacter__Time-lapse_dataset2__raw_images__BF_position3_time0016,strack_bacteria,bacteria,phase,valid,ok,16,14,12,2,4,11,3,5,0.32
cpsam_v2,strack_bacteria__Lysobacter__Lysobacter__Time-lapse_dataset4__raw_images__BF_position7_time0001,strack_bacteria,bacteria,phase,valid,ok,1,1,1,0,0,0,1,1,0.32
cpsam_v2,strack_bacteria__Lysobacter__Lysobacter__Time-lapse_dataset4__raw_images__BF_position7_time0006,strack_bacteria,bacteria,phase,valid,ok,1,2,0,2,1,0,2,1,0.32
cpsam_v2,strack_bacteria__Lysobacter__Lysobacter__Time-lapse_dataset4__raw_images__BF_position7_time0011,strack_bacteria,bacteria,phase,valid,ok,3,4,2,2,1,2,2,1,0.34
cpsam_v2,strack_bacteria__Lysobacter__Lysobacter__Time-lapse_dataset4__raw_images__BF_position7_time0016,strack_bacteria,bacteria,phase,valid,ok,8,9,8,1,0,8,1,0,0.32
cpsam_v2,strack_bacteria__Pveronii__Pveronii__Time-lapse_dataset1__raw_images__BF_position1_time0001,strack_bacteria,bacteria,phase,valid,ok,1,6,0,6,1,0,6,1,0.3
cpsam_v2,strack_bacteria__Pveronii__Pveronii__Time-lapse_dataset1__raw_images__BF_position1_time0006,strack_bacteria,bacteria,phase,valid,ok,2,2,2,0,0,0,2,2,0.32
cpsam_v2,strack_bacteria__Pveronii__Pveronii__Time-lapse_dataset1__raw_images__BF_position1_time0011,strack_bacteria,bacteria,phase,valid,ok,4,6,3,3,1,1,5,3,0.33
cpsam_v2,strack_bacteria__Pveronii__Pveronii__Time-lapse_dataset1__raw_images__BF_position1_time0016,strack_bacteria,bacteria,phase,valid,ok,16,22,16,6,0,4,18,12,0.33
cpsam_v2,vicar_pnt1a_labelfree__microscopic_20image_20data__source_data_groundtruth__QPI_microscopy__QPI_13_raw,vicar_pnt1a_labelfree,mammalian,qpi,test,ok,11,10,8,2,3,5,5,6,0.36
cpsam_v2,yeast_microstructures_brightfield__val-105,yeast_microstructures_brightfield,yeast,brightfield,valid,ok,2,3,2,1,0,2,1,0,0.17
cpsam_v2,yeast_microstructures_brightfield__val-140,yeast_microstructures_brightfield,yeast,brightfield,valid,ok,5,5,5,0,0,3,2,2,0.18
cpsam_v2,yeast_microstructures_brightfield__val-225,yeast_microstructures_brightfield,yeast,brightfield,valid,ok,7,7,7,0,0,6,1,1,0.18
cpsam_v2,yeast_microstructures_brightfield__val-255,yeast_microstructures_brightfield,yeast,brightfield,valid,ok,2,2,2,0,0,2,0,0,0.17
cpsam_v2,yeast_microstructures_brightfield__val-273,yeast_microstructures_brightfield,yeast,brightfield,valid,ok,3,3,3,0,0,3,0,0,0.18
cpsam_v2,yeast_microstructures_brightfield__val-324,yeast_microstructures_brightfield,yeast,brightfield,valid,ok,3,3,3,0,0,3,0,0,0.17
cpsam_v2,yeast_microstructures_brightfield__val-343,yeast_microstructures_brightfield,yeast,brightfield,valid,ok,8,8,8,0,0,8,0,0,0.17
cpsam_v2,yeast_microstructures_brightfield__val-358,yeast_microstructures_brightfield,yeast,brightfield,valid,ok,6,6,6,0,0,6,0,0,0.18
cpsam_v2,yeast_microstructures_brightfield__val-371,yeast_microstructures_brightfield,yeast,brightfield,valid,ok,4,4,4,0,0,4,0,0,0.18
cpsam_v2,yeast_microstructures_brightfield__val-396,yeast_microstructures_brightfield,yeast,brightfield,valid,ok,8,8,8,0,0,6,2,2,0.19
cpsam_v2,yeast_microstructures_brightfield__val-473,yeast_microstructures_brightfield,yeast,brightfield,valid,ok,5,5,5,0,0,5,0,0,0.18
cpsam_v2,yeast_microstructures_brightfield__val-482,yeast_microstructures_brightfield,yeast,brightfield,valid,ok,2,2,2,0,0,2,0,0,0.17
cpsam_v2,yeastsam__CLB2__DIC__yeast_brightfield_10,yeastsam,yeast,dic,valid,ok,32,31,30,1,2,28,3,4,1.26
cpsam_v2,yeastsam__CLB2__DIC__yeast_brightfield_12,yeastsam,yeast,dic,valid,ok,28,32,25,7,3,22,10,6,1.3
cpsam_v2,yeastsam__CLB2__DIC__yeast_brightfield_14,yeastsam,yeast,dic,valid,ok,56,63,55,8,1,48,15,8,1.25
cpsam_v2,yeastsam__CLB2__DIC__yeast_brightfield_16,yeastsam,yeast,dic,valid,ok,55,64,52,12,3,35,29,20,1.22
cpsam_v2,yeastsam__CLB2__DIC__yeast_brightfield_18,yeastsam,yeast,dic,valid,ok,39,45,38,7,1,31,14,8,1.22
cpsam_v2,yeastsam__CLB2__DIC__yeast_brightfield_2,yeastsam,yeast,dic,valid,ok,33,34,30,4,3,25,9,8,1.25
cpsam_v2,yeastsam__CLB2__DIC__yeast_brightfield_21,yeastsam,yeast,dic,valid,ok,62,71,58,13,4,41,30,21,1.26
cpsam_v2,yeastsam__CLB2__DIC__yeast_brightfield_23,yeastsam,yeast,dic,valid,ok,34,43,32,11,2,22,21,12,1.25
cpsam_v2,yeaz_brightfield__cdc20F10BF_1.5_crop_1,yeaz_brightfield,yeast,brightfield,valid,ok,42,42,42,0,0,42,0,0,0.36
cpsam_v2,yeaz_brightfield__cdc20F10BF_5_crop_1,yeaz_brightfield,yeast,brightfield,valid,ok,42,42,42,0,0,42,0,0,0.34
cpsam_v2,yeaz_brightfield__cdc20F3BF_2_crop_1,yeaz_brightfield,yeast,brightfield,valid,ok,46,46,46,0,0,46,0,0,0.35
cpsam_v2,yeaz_brightfield__cdc20F6BF_20_crop_1,yeaz_brightfield,yeast,brightfield,valid,ok,138,136,136,0,2,136,0,2,0.92
cpsam_v2,yeaz_brightfield__cdc20F8BF_1_crop_1,yeaz_brightfield,yeast,brightfield,valid,ok,90,90,90,0,0,90,0,0,0.57
cpsam_v2,yeaz_brightfield__ddF10BF_1.5_crop_2,yeaz_brightfield,yeast,brightfield,valid,ok,18,18,18,0,0,18,0,0,0.34
cpsam_v2,yeaz_brightfield__ddF10BF_20_crop_1,yeaz_brightfield,yeast,brightfield,valid,ok,27,20,20,0,7,20,0,7,0.3
cpsam_v2,yeaz_brightfield__ddF10BF_5_crop_2,yeaz_brightfield,yeast,brightfield,valid,ok,18,18,18,0,0,18,0,0,0.34
cpsam_v2,yeaz_brightfield__ddF6BF_1_crop_1,yeaz_brightfield,yeast,brightfield,valid,ok,38,38,38,0,0,38,0,0,0.35
cpsam_v2,yeaz_brightfield__ddF6BF_2_crop_2,yeaz_brightfield,yeast,brightfield,valid,ok,84,84,84,0,0,83,1,1,0.39
cpsam_v2,yeaz_brightfield__wtF10BF_10_crop_1,yeaz_brightfield,yeast,brightfield,valid,ok,274,268,268,0,6,250,18,24,0.77
cpsam_v2,yeaz_brightfield__wtF10BF_20_crop_2,yeaz_brightfield,yeast,brightfield,valid,ok,62,61,61,0,1,61,0,1,0.36
cpsam_v2,yeaz_phase__FOV12_20p_PhC_present_crop_1,yeaz_phase,yeast,phase,valid,ok,183,181,179,2,4,175,6,8,0.63
cpsam_v2,yeaz_phase__d_reexport2_crop_2-z13,yeaz_phase,yeast,phase,valid,ok,12,10,10,0,2,8,2,4,0.19
cpsam_v2,yeaz_phase__d_reexport2_crop_2-z2,yeaz_phase,yeast,phase,valid,ok,9,9,9,0,0,9,0,0,0.17
cpsam_v2,yeaz_phase__d_reexport2_crop_2-z26,yeaz_phase,yeast,phase,valid,ok,13,12,12,0,1,11,1,2,0.19
cpsam_v2,yeaz_phase__d_reexport2_crop_2-z4,yeaz_phase,yeast,phase,valid,ok,9,9,9,0,0,7,2,2,0.19
cpsam_v2,yeaz_phase__d_reexport2_crop_3-z10,yeaz_phase,yeast,phase,valid,ok,12,11,11,0,1,11,0,1,0.39
cpsam_v2,yeaz_phase__d_reexport2_crop_3-z17,yeaz_phase,yeast,phase,valid,ok,22,22,22,0,0,22,0,0,0.35
cpsam_v2,yeaz_phase__d_reexport2_crop_3-z22,yeaz_phase,yeast,phase,valid,ok,27,25,25,0,2,25,0,2,0.38
cpsam_v2,yeaz_phase__d_reexport2_crop_3-z29,yeaz_phase,yeast,phase,valid,ok,29,29,29,0,0,29,0,0,0.39
cpsam_v2,yeaz_phase__d_reexport2_crop_3-z8,yeaz_phase,yeast,phase,valid,ok,11,11,11,0,0,11,0,0,0.35
cpsam_v2,yeaz_phase__m_reexport1_crop_1-z13,yeaz_phase,yeast,phase,valid,ok,100,100,98,2,2,95,5,5,0.61
cpsam_v2,yeaz_phase__m_reexport1_crop_1-z3,yeaz_phase,yeast,phase,valid,ok,70,68,67,1,3,65,3,5,0.59
cpsam_v2,zerocost_tcell_bf__T_20cell_20dataset__T_cell_dataset__Training_dataset__Training_source__Training_source_T_cells_10019.tif_1084473f-159f-459f-850d-87dd2b9dfdb5,zerocost_tcell_bf,mammalian,brightfield,valid,ok,94,96,85,11,9,48,48,46,0.89
cpsam_v2,zerocost_tcell_bf__T_20cell_20dataset__T_cell_dataset__Training_dataset__Training_source__Training_source_T_cells_10019.tif_649b1d29-f74e-422e-ac84-7ba7169fb92c,zerocost_tcell_bf,mammalian,brightfield,valid,ok,92,95,85,10,7,51,44,41,0.87
cpsam_v2,zerocost_tcell_bf__T_20cell_20dataset__T_cell_dataset__Training_dataset__Training_source__Training_source_T_cells_10019.tif_911b6e4d-69ce-4e76-a13c-b73760588fd5,zerocost_tcell_bf,mammalian,brightfield,valid,ok,92,96,86,10,6,53,43,39,0.88
cpsam_v2,zerocost_tcell_bf__T_20cell_20dataset__T_cell_dataset__Training_dataset__Training_source__Training_source_T_cells_10020.tif_378ae0a6-bfb3-4e23-8023-35c289635b5c,zerocost_tcell_bf,mammalian,brightfield,valid,ok,95,94,89,5,6,43,51,52,0.9
cpsam_v2,zerocost_tcell_bf__T_20cell_20dataset__T_cell_dataset__Training_dataset__Training_source__Training_source_T_cells_10020.tif_79e9a64e-63ec-4128-9ecb-0f79d134f360,zerocost_tcell_bf,mammalian,brightfield,valid,ok,97,98,92,6,5,44,54,53,0.88
cpsam_v2,zerocost_tcell_bf__T_20cell_20dataset__T_cell_dataset__Training_dataset__Training_source__Training_source_T_cells_20014.tif_047755ad-4f13-4c68-aecf-5f86930e357c,zerocost_tcell_bf,mammalian,brightfield,valid,ok,100,96,92,4,8,47,49,53,0.86
cpsam_v2,zerocost_tcell_bf__T_20cell_20dataset__T_cell_dataset__Training_dataset__Training_source__Training_source_T_cells_20014.tif_864749f3-18ff-42f7-b5a4-dbe829c5fb08,zerocost_tcell_bf,mammalian,brightfield,valid,ok,99,99,94,5,5,49,50,50,0.88
cpsam_v2,zerocost_tcell_bf__T_20cell_20dataset__T_cell_dataset__Training_dataset__Training_source__Training_source_T_cells_20014.tif_cdaa15f1-9ba6-4f3d-9aca-51a6202cfea7,zerocost_tcell_bf,mammalian,brightfield,valid,ok,100,103,97,6,3,51,52,49,0.87
cpsam_v2,zerocost_tcell_bf__T_20cell_20dataset__T_cell_dataset__Training_dataset__Training_source__Training_source_VCAM_1-1.tif_5d646e0f-ed62-4782-8435-5c7ec67e835c,zerocost_tcell_bf,mammalian,brightfield,valid,ok,158,177,149,28,9,104,73,54,0.86
cpsam_v2,zerocost_tcell_bf__T_20cell_20dataset__T_cell_dataset__Training_dataset__Training_source__Training_source_VCAM_1-1.tif_c6d32fee-f522-4f05-8f1f-16ed98bb8a11,zerocost_tcell_bf,mammalian,brightfield,valid,ok,150,162,141,21,9,94,68,56,0.85
cpsam_v2,zerocost_tcell_bf__T_20cell_20dataset__T_cell_dataset__Training_dataset__Training_source__Training_source_VCAM_2-2-1.tif_53468aa5-a4ca-4645-8dae-a6e5c0c68622,zerocost_tcell_bf,mammalian,brightfield,valid,ok,160,182,155,27,5,115,67,45,0.86
cpsam_v2,zerocost_tcell_bf__T_20cell_20dataset__T_cell_dataset__Training_dataset__Training_source__Training_source_VCAM_2-2-1.tif_66220e5b-2072-493a-bccb-7ca00cd49f63,zerocost_tcell_bf,mammalian,brightfield,valid,ok,163,185,157,28,6,118,67,45,0.86
