series,concentration,response,replicate
SYNTHETIC inhibition,0,94.5,1
SYNTHETIC inhibition,0,95.0,2
SYNTHETIC inhibition,0,95.5,3
SYNTHETIC inhibition,0.01,94.28027906415512,1
SYNTHETIC inhibition,0.01,94.78027906415512,2
SYNTHETIC inhibition,0.01,95.28027906415512,3
SYNTHETIC inhibition,0.03,93.68431127799825,1
SYNTHETIC inhibition,0.03,94.18431127799825,2
SYNTHETIC inhibition,0.03,94.68431127799825,3
SYNTHETIC inhibition,0.1,91.13948117884925,1
SYNTHETIC inhibition,0.1,91.63948117884925,2
SYNTHETIC inhibition,0.1,92.13948117884925,3
SYNTHETIC inhibition,0.3,83.10564535874423,1
SYNTHETIC inhibition,0.3,83.60564535874423,2
SYNTHETIC inhibition,0.3,84.10564535874423,3
SYNTHETIC inhibition,1,60.236575302878876,1
SYNTHETIC inhibition,1,60.736575302878876,2
SYNTHETIC inhibition,1,61.236575302878876,3
SYNTHETIC inhibition,3,31.794259052063488,1
SYNTHETIC inhibition,3,32.29425905206349,2
SYNTHETIC inhibition,3,32.79425905206349,3
SYNTHETIC inhibition,10,12.877586893440403,1
SYNTHETIC inhibition,10,13.377586893440403,2
SYNTHETIC inhibition,10,13.877586893440403,3
SYNTHETIC inhibition,30,6.905691284330249,1
SYNTHETIC inhibition,30,7.405691284330249,2
SYNTHETIC inhibition,30,7.905691284330249,3
SYNTHETIC inhibition,100,5.079093352693672,1
SYNTHETIC inhibition,100,5.579093352693672,2
SYNTHETIC inhibition,100,6.079093352693672,3
SYNTHETIC activation,0,9.5,1
SYNTHETIC activation,0,10.0,2
SYNTHETIC activation,0,10.5,3
SYNTHETIC activation,0.01,9.898009950248756,1
SYNTHETIC activation,0.01,10.398009950248756,2
SYNTHETIC activation,0.01,10.898009950248756,3
SYNTHETIC activation,0.03,10.682266009852217,1
SYNTHETIC activation,0.03,11.182266009852217,2
SYNTHETIC activation,0.03,11.682266009852217,3
SYNTHETIC activation,0.1,13.30952380952381,1
SYNTHETIC activation,0.1,13.80952380952381,2
SYNTHETIC activation,0.1,14.30952380952381,3
SYNTHETIC activation,0.3,19.934782608695652,1
SYNTHETIC activation,0.3,20.434782608695652,2
SYNTHETIC activation,0.3,20.934782608695652,3
SYNTHETIC activation,1,36.16666666666667,1
SYNTHETIC activation,1,36.66666666666667,2
SYNTHETIC activation,1,37.16666666666667,3
SYNTHETIC activation,3,57.5,1
SYNTHETIC activation,3,58.0,2
SYNTHETIC activation,3,58.5,3
SYNTHETIC activation,10,76.16666666666667,1
SYNTHETIC activation,10,76.66666666666667,2
SYNTHETIC activation,10,77.16666666666667,3
SYNTHETIC activation,30,84.5,1
SYNTHETIC activation,30,85.0,2
SYNTHETIC activation,30,85.5,3
SYNTHETIC activation,100,87.93137254901961,1
SYNTHETIC activation,100,88.43137254901961,2
SYNTHETIC activation,100,88.93137254901961,3
SYNTHETIC beyond range,0,4.5,1
SYNTHETIC beyond range,0,5.0,2
SYNTHETIC beyond range,0,5.5,3
SYNTHETIC beyond range,0.01,4.50179996400072,1
SYNTHETIC beyond range,0.01,5.00179996400072,2
SYNTHETIC beyond range,0.01,5.50179996400072,3
SYNTHETIC beyond range,0.03,4.505399676019439,1
SYNTHETIC beyond range,0.03,5.005399676019439,2
SYNTHETIC beyond range,0.03,5.505399676019439,3
SYNTHETIC beyond range,0.1,4.517996400719856,1
SYNTHETIC beyond range,0.1,5.017996400719856,2
SYNTHETIC beyond range,0.1,5.517996400719856,3
SYNTHETIC beyond range,0.3,4.553967619428343,1
SYNTHETIC beyond range,0.3,5.053967619428343,2
SYNTHETIC beyond range,0.3,5.553967619428343,3
SYNTHETIC beyond range,1,4.679640718562874,1
SYNTHETIC beyond range,1,5.179640718562874,2
SYNTHETIC beyond range,1,5.679640718562874,3
SYNTHETIC beyond range,3,5.036779324055666,1
SYNTHETIC beyond range,3,5.536779324055666,2
SYNTHETIC beyond range,3,6.036779324055666,3
SYNTHETIC beyond range,10,6.264705882352941,1
SYNTHETIC beyond range,10,6.764705882352941,2
SYNTHETIC beyond range,10,7.264705882352941,3
SYNTHETIC beyond range,30,9.59433962264151,1
SYNTHETIC beyond range,30,10.09433962264151,2
SYNTHETIC beyond range,30,10.59433962264151,3
SYNTHETIC beyond range,100,19.5,1
SYNTHETIC beyond range,100,20.0,2
SYNTHETIC beyond range,100,20.5,3
SYNTHETIC reversal,0,9.5,1
SYNTHETIC reversal,0,10,2
SYNTHETIC reversal,0,10.5,3
SYNTHETIC reversal,0.01,9.5,1
SYNTHETIC reversal,0.01,10,2
SYNTHETIC reversal,0.01,10.5,3
SYNTHETIC reversal,0.03,19.5,1
SYNTHETIC reversal,0.03,20,2
SYNTHETIC reversal,0.03,20.5,3
SYNTHETIC reversal,0.1,49.5,1
SYNTHETIC reversal,0.1,50,2
SYNTHETIC reversal,0.1,50.5,3
SYNTHETIC reversal,0.3,79.5,1
SYNTHETIC reversal,0.3,80,2
SYNTHETIC reversal,0.3,80.5,3
SYNTHETIC reversal,1,99.5,1
SYNTHETIC reversal,1,100,2
SYNTHETIC reversal,1,100.5,3
SYNTHETIC reversal,3,79.5,1
SYNTHETIC reversal,3,80,2
SYNTHETIC reversal,3,80.5,3
SYNTHETIC reversal,10,39.5,1
SYNTHETIC reversal,10,40,2
SYNTHETIC reversal,10,40.5,3
SYNTHETIC reversal,30,19.5,1
SYNTHETIC reversal,30,20,2
SYNTHETIC reversal,30,20.5,3
SYNTHETIC reversal,100,9.5,1
SYNTHETIC reversal,100,10,2
SYNTHETIC reversal,100,10.5,3
