class,n,precision_at_k,chance,lift
basophil,1212,0.8132838283828382,0.07093070930709307,11.465891661420477
eosinophil,3110,0.8380385852090033,0.18210039243249576,4.602069078569738
erythroblast,1551,0.8837524177949708,0.09078662215193581,9.734390341299056
ig,2892,0.8130013831258646,0.16933169331693318,4.801235771050807
lymphocyte,1214,0.8498352553542008,0.07104785333567622,11.961448734264032
monocyte,1419,0.7196617336152219,0.08305511626544837,8.664869378006124
neutrophil,3328,0.8877704326923077,0.19486909154805834,4.555727261002636
platelet,2348,0.9834752981260647,0.13746851754231829,7.1541856688991485
all,17074,0.8568876654562493,0.14397477263482286,5.95165145792351
