fieldID,parameter,value,object_count,median_area,mean_intensity,matched_fraction,object_count_change,median_area_change,mean_intensity_change
plate1_L01_9_1.npy,baseline,run settings,68.0,7291.0,0.6844611935744302,1.0,0.0,0.0,0.0
plate1_L01_9_1.npy,diameter,x0.75,73.0,7235.0,0.6484089477133602,1.0,0.07352941176470588,-0.0076807022356329725,-0.05267244688160631
plate1_L01_9_1.npy,diameter,x1.25,67.0,7415.0,0.6902153454776007,0.9705882352941176,-0.014705882352941176,0.01700726923604444,0.008406834393518746
plate1_L01_9_1.npy,flow_threshold,0.2,65.0,7425.0,0.6873627925125203,0.9558823529411765,-0.04411764705882353,0.018378823206693182,0.004239245358728328
plate1_L01_9_1.npy,flow_threshold,0.6,69.0,7285.0,0.6838576732945224,1.0,0.014705882352941176,-0.000822932382389247,-0.0008817450654230768
plate1_L01_9_1.npy,cellprob_threshold,-2,69.0,7722.0,0.6370347009451003,1.0,0.014705882352941176,0.05911397613496091,-0.0692902579058672
plate1_L01_9_1.npy,cellprob_threshold,6,57.0,5750.0,0.7521713637290492,0.8088235294117647,-0.16176470588235295,-0.2113564668769716,0.09892477585328
plate1_L01_9_1.npy,enhancement,CLAHE,68.0,7474.0,0.6637895684880312,0.9558823529411765,0.0,0.025099437662872034,-0.030201310578977607
plate1_E02_11_1.npy,baseline,run settings,33.0,6368.0,0.8002657748958363,1.0,0.0,0.0,0.0
plate1_E02_11_1.npy,diameter,x0.75,34.0,6340.0,0.7518533408333399,0.9090909090909091,0.030303030303030304,-0.0043969849246231155,-0.06049544486492357
plate1_E02_11_1.npy,diameter,x1.25,31.0,6612.0,0.7881548801727108,0.9090909090909091,-0.06060606060606061,0.038316582914572864,-0.01513359074327751
plate1_E02_11_1.npy,flow_threshold,0.2,29.0,6606.0,0.8134996823244675,0.8787878787878788,-0.12121212121212122,0.037374371859296485,0.016536890422876975
plate1_E02_11_1.npy,flow_threshold,0.6,36.0,6340.5,0.7862688297868884,1.0,0.09090909090909091,-0.004318467336683417,-0.01749037075935148
plate1_E02_11_1.npy,cellprob_threshold,-2,31.0,6989.0,0.7265716152199642,0.9090909090909091,-0.06060606060606061,0.09751884422110553,-0.09208710654340335
plate1_E02_11_1.npy,cellprob_threshold,6,20.0,5559.5,0.8872570572737178,0.5757575757575758,-0.3939393939393939,-0.12696293969849246,0.10870298981510795
plate1_E02_11_1.npy,enhancement,CLAHE,38.0,6314.0,0.7433447925806485,0.9393939393939394,0.15151515151515152,-0.008479899497487437,-0.07112759798155399
plate1_L02_10_1.npy,baseline,run settings,49.0,7656.0,0.7160553924279535,1.0,0.0,0.0,0.0
plate1_L02_10_1.npy,diameter,x0.75,48.0,7552.0,0.7169102321536606,0.9795918367346939,-0.02040816326530612,-0.013584117032392894,0.0011938178732354315
plate1_L02_10_1.npy,diameter,x1.25,48.0,7955.0,0.7095893166081709,0.9795918367346939,-0.02040816326530612,0.03905433646812957,-0.009030133545755156
plate1_L02_10_1.npy,flow_threshold,0.2,48.0,7671.5,0.7282325468899259,0.9795918367346939,-0.02040816326530612,0.0020245559038662487,0.017005883330733582
plate1_L02_10_1.npy,flow_threshold,0.6,50.0,7589.0,0.7020609978995148,1.0,0.02040816326530612,-0.008751306165099268,-0.01954373177888847
plate1_L02_10_1.npy,cellprob_threshold,-2,49.0,8197.0,0.6768862849830882,1.0,0.0,0.07066353187042843,-0.05470122543460389
plate1_L02_10_1.npy,cellprob_threshold,6,40.0,6448.0,0.7647341004815822,0.8163265306122449,-0.1836734693877551,-0.15778474399164055,0.06798176309876275
plate1_L02_10_1.npy,enhancement,CLAHE,50.0,8102.0,0.6444519779135962,0.8979591836734694,0.02040816326530612,0.058254963427377224,-0.09999703273174036
plate1_E02_10_1.npy,baseline,run settings,40.0,7598.5,0.7265291209221434,1.0,0.0,0.0,0.0
plate1_E02_10_1.npy,diameter,x0.75,44.0,6928.5,0.6819326741309552,0.925,0.1,-0.08817529775613608,-0.061382875795239183
plate1_E02_10_1.npy,diameter,x1.25,40.0,7801.5,0.7306196977699594,0.95,0.0,0.026715799170888992,0.005630299915059224
plate1_E02_10_1.npy,flow_threshold,0.2,37.0,8036.0,0.7499350113618058,0.925,-0.075,0.05757715338553662,0.03221603892484674
plate1_E02_10_1.npy,flow_threshold,0.6,42.0,7535.0,0.6968024472470262,1.0,0.05,-0.008356912548529315,-0.040916011236255385
plate1_E02_10_1.npy,cellprob_threshold,-2,39.0,8140.0,0.7041298885860134,0.975,-0.025,0.07126406527604133,-0.03083046734272652
plate1_E02_10_1.npy,cellprob_threshold,6,30.0,6821.0,0.8056455319277962,0.725,-0.25,-0.10232282687372508,0.108896407215219
plate1_E02_10_1.npy,enhancement,CLAHE,42.0,8688.0,0.6364451967325444,0.875,0.05,0.14338356254523918,-0.1239921726403209
plate1_E01_10_1.npy,baseline,run settings,64.0,7296.5,0.7134068495419428,1.0,0.0,0.0,0.0
plate1_E01_10_1.npy,diameter,x0.75,69.0,6764.0,0.6586616270167263,0.96875,0.078125,-0.07298019598437606,-0.07673773045544319
plate1_E01_10_1.npy,diameter,x1.25,64.0,7543.0,0.7094094441127577,0.984375,0.0,0.0337833207702323,-0.005603261913943838
plate1_E01_10_1.npy,flow_threshold,0.2,63.0,7451.0,0.7089643877400955,0.984375,-0.015625,0.02117453573631193,-0.0062271084230543
plate1_E01_10_1.npy,flow_threshold,0.6,64.0,7296.5,0.7134068495419428,1.0,0.0,0.0,0.0
plate1_E01_10_1.npy,cellprob_threshold,-2,63.0,8094.0,0.6721684798355471,0.984375,-0.015625,0.10929897896251628,-0.057804841280783385
plate1_E01_10_1.npy,cellprob_threshold,6,55.0,6089.0,0.755676527954698,0.84375,-0.140625,-0.1654903035702049,0.05925045216470138
plate1_E01_10_1.npy,enhancement,CLAHE,68.0,7838.0,0.6299474142190002,0.921875,0.0625,0.07421366408552045,-0.11698715168845006
plate1_L02_11_1.npy,baseline,run settings,21.0,8020.0,0.8480675339675103,1.0,0.0,0.0,0.0
plate1_L02_11_1.npy,diameter,x0.75,22.0,7838.5,0.8330374965380561,1.0,0.047619047619047616,-0.022630922693266834,-0.01772268932302978
plate1_L02_11_1.npy,diameter,x1.25,22.0,7960.5,0.8309601114345843,0.9523809523809523,0.047619047619047616,-0.007418952618453866,-0.020172240827204528
plate1_L02_11_1.npy,flow_threshold,0.2,21.0,8020.0,0.8480675339675103,1.0,0.0,0.0,0.0
plate1_L02_11_1.npy,flow_threshold,0.6,23.0,8020.0,0.8116327595493005,1.0,0.09523809523809523,0.0,-0.0429621144058625
plate1_L02_11_1.npy,cellprob_threshold,-2,21.0,8459.0,0.8017558503792307,1.0,0.0,0.05473815461346634,-0.05460848544881786
plate1_L02_11_1.npy,cellprob_threshold,6,14.0,6210.0,0.9103695769899716,0.6666666666666666,-0.3333333333333333,-0.2256857855361596,0.0734635397855568
plate1_L02_11_1.npy,enhancement,CLAHE,23.0,7738.0,0.7750633022936241,0.9523809523809523,0.09523809523809523,-0.03516209476309227,-0.0860830402649078
plate1_E01_11_1.npy,baseline,run settings,46.0,8123.5,0.7589197389580918,1.0,0.0,0.0,0.0
plate1_E01_11_1.npy,diameter,x0.75,50.0,7376.5,0.7412574109882307,1.0,0.08695652173913043,-0.0919554379270019,-0.023272985354300346
plate1_E01_11_1.npy,diameter,x1.25,47.0,7874.0,0.756012417671239,1.0,0.021739130434782608,-0.030713362466916968,-0.0038308679266193624
plate1_E01_11_1.npy,flow_threshold,0.2,45.0,8040.0,0.7637530012089302,0.9782608695652174,-0.021739130434782608,-0.01027882070536099,0.006368607907700305
plate1_E01_11_1.npy,flow_threshold,0.6,46.0,8123.5,0.7589197389580918,1.0,0.0,0.0,0.0
plate1_E01_11_1.npy,cellprob_threshold,-2,45.0,8520.0,0.727527729545265,0.9782608695652174,-0.021739130434782608,0.04880901089431895,-0.04136407027167904
plate1_E01_11_1.npy,cellprob_threshold,6,37.0,6521.0,0.8031457316466207,0.7608695652173914,-0.1956521739130435,-0.1972671877885148,0.05827492739778519
plate1_E01_11_1.npy,enhancement,CLAHE,48.0,8067.5,0.7007443480295256,0.9347826086956522,0.043478260869565216,-0.006893580353295993,-0.07665552487596948
plate1_L02_1_1.npy,baseline,run settings,26.0,7225.5,0.7554195551910807,1.0,0.0,0.0,0.0
plate1_L02_1_1.npy,diameter,x0.75,26.0,7376.0,0.7460715305938088,0.9230769230769231,0.0,0.020829008373122966,-0.012374612932686603
plate1_L02_1_1.npy,diameter,x1.25,23.0,8777.0,0.8007772792962319,0.8461538461538461,-0.11538461538461539,0.21472562452425437,0.06004308968898492
plate1_L02_1_1.npy,flow_threshold,0.2,23.0,7624.0,0.7819217870959284,0.8846153846153846,-0.11538461538461539,0.05515189260258806,0.035082798324096914
plate1_L02_1_1.npy,flow_threshold,0.6,29.0,6573.0,0.7003832869651296,1.0,0.11538461538461539,-0.09030516919244343,-0.07285523368802634
plate1_L02_1_1.npy,cellprob_threshold,-2,25.0,8080.0,0.7193997897207278,0.9230769230769231,-0.038461538461538464,0.11826171199224968,-0.047681801752195614
plate1_L02_1_1.npy,cellprob_threshold,6,16.0,7258.5,0.8893277431268418,0.6153846153846154,-0.38461538461538464,0.004567157982146564,0.17726333269449118
plate1_L02_1_1.npy,enhancement,CLAHE,30.0,7978.5,0.6173275170386526,0.8461538461538461,0.15384615384615385,0.1042142412289807,-0.18280177843357284
plate1_L01_10_1.npy,baseline,run settings,72.0,7068.5,0.651704968441005,1.0,0.0,0.0,0.0
plate1_L01_10_1.npy,diameter,x0.75,72.0,7134.5,0.6519130260738064,0.9861111111111112,0.0,0.009337200254650915,0.00031925126073400545
plate1_L01_10_1.npy,diameter,x1.25,71.0,7153.0,0.6590871937921846,0.9722222222222222,-0.013888888888888888,0.011954445780575794,0.011327557266962704
plate1_L01_10_1.npy,flow_threshold,0.2,69.0,7252.0,0.6720285634918217,0.9583333333333334,-0.041666666666666664,0.02596024616255217,0.031185269462398593
plate1_L01_10_1.npy,flow_threshold,0.6,74.0,7038.0,0.6422735960665177,1.0,0.027777777777777776,-0.004314918299497772,-0.014471843596725762
plate1_L01_10_1.npy,cellprob_threshold,-2,71.0,7552.0,0.6239492177761053,0.9861111111111112,-0.013888888888888888,0.06840206550187451,-0.042589441555580566
plate1_L01_10_1.npy,cellprob_threshold,6,51.0,6219.0,0.7211724334025953,0.6944444444444444,-0.2916666666666667,-0.12018108509584778,0.10659342543876703
plate1_L01_10_1.npy,enhancement,CLAHE,81.0,7529.0,0.5578089808980741,0.9305555555555556,0.125,0.06514819268585981,-0.14407744622163454
plate1_E02_1_1.npy,baseline,run settings,30.0,7134.0,0.817421923923423,1.0,0.0,0.0,0.0
plate1_E02_1_1.npy,diameter,x0.75,28.0,7176.0,0.8671698553851781,0.9333333333333333,-0.06666666666666667,0.005887300252312868,0.06085955123759989
plate1_E02_1_1.npy,diameter,x1.25,27.0,7393.0,0.8343868862550823,0.8333333333333334,-0.1,0.03630501822259602,0.020754229651966764
plate1_E02_1_1.npy,flow_threshold,0.2,25.0,7355.0,0.8226867750456418,0.8333333333333334,-0.16666666666666666,0.030978413232408186,0.006440799993409483
plate1_E02_1_1.npy,flow_threshold,0.6,30.0,7134.0,0.817421923923423,1.0,0.0,0.0,0.0
plate1_E02_1_1.npy,cellprob_threshold,-2,30.0,7543.0,0.7785850967127991,0.9666666666666667,0.0,0.05733109055228483,-0.04751135989137264
plate1_E02_1_1.npy,cellprob_threshold,6,21.0,5823.0,0.8863339188527468,0.6666666666666666,-0.3,-0.18376787216148024,0.0843040697985726
plate1_E02_1_1.npy,enhancement,CLAHE,29.0,7319.0,0.7717251598580944,0.8666666666666667,-0.03333333333333333,0.02593215587328287,-0.05590352145926729
plate1_L02_9_1.npy,baseline,run settings,53.0,7008.0,0.7012206497297376,1.0,0.0,0.0,0.0
plate1_L02_9_1.npy,diameter,x0.75,54.0,6999.0,0.6958257087470012,0.9433962264150944,0.018867924528301886,-0.0012842465753424657,-0.007693642485879029
plate1_L02_9_1.npy,diameter,x1.25,53.0,7324.0,0.7173930541787782,0.9622641509433962,0.0,0.04509132420091324,0.02306321762668238
plate1_L02_9_1.npy,flow_threshold,0.2,50.0,7158.0,0.7387549339788496,0.9433962264150944,-0.05660377358490566,0.021404109589041095,0.05352706635718491
plate1_L02_9_1.npy,flow_threshold,0.6,56.0,6952.0,0.669177719471853,1.0,0.05660377358490566,-0.007990867579908675,-0.04569593076050244
plate1_L02_9_1.npy,cellprob_threshold,-2,52.0,7517.5,0.6783967437653969,0.9622641509433962,-0.018867924528301886,0.07270262557077625,-0.03254882179116861
plate1_L02_9_1.npy,cellprob_threshold,6,45.0,5576.0,0.7896928007399207,0.8490566037735849,-0.1509433962264151,-0.204337899543379,0.1261687758971184
plate1_L02_9_1.npy,enhancement,CLAHE,54.0,7476.0,0.6627504245759871,0.9245283018867925,0.018867924528301886,0.06678082191780822,-0.05486179730813349
plate1_E01_9_1.npy,baseline,run settings,62.0,7775.0,0.70184098714779,1.0,0.0,0.0,0.0
plate1_E01_9_1.npy,diameter,x0.75,61.0,7963.0,0.6994242363067605,0.967741935483871,-0.016129032258064516,0.02418006430868167,-0.003443445004331913
plate1_E01_9_1.npy,diameter,x1.25,63.0,7825.0,0.6835627161300987,0.9838709677419355,0.016129032258064516,0.006430868167202572,-0.02604332228012549
plate1_E01_9_1.npy,flow_threshold,0.2,61.0,7848.0,0.7029374584393684,0.9838709677419355,-0.016129032258064516,0.009389067524115755,0.0015622787948511858
plate1_E01_9_1.npy,flow_threshold,0.6,62.0,7775.0,0.70184098714779,1.0,0.0,0.0,0.0
plate1_E01_9_1.npy,cellprob_threshold,-2,61.0,8317.0,0.6697324293533949,0.9838709677419355,-0.016129032258064516,0.06971061093247588,-0.04574904911849182
plate1_E01_9_1.npy,cellprob_threshold,6,55.0,6129.0,0.7558498730090419,0.8548387096774194,-0.11290322580645161,-0.2117041800643087,0.07695316581714408
plate1_E01_9_1.npy,enhancement,CLAHE,62.0,8771.0,0.6329673281478252,0.8870967741935484,0.0,0.12810289389067525,-0.09813285382471076
plate1_E02_9_1.npy,baseline,run settings,17.0,7401.0,0.8724418561143552,1.0,0.0,0.0,0.0
plate1_E02_9_1.npy,diameter,x0.75,18.0,7346.5,0.8179209018081023,0.9411764705882353,0.058823529411764705,-0.007363869747331442,-0.06249236430388158
plate1_E02_9_1.npy,diameter,x1.25,16.0,7613.0,0.8903566702537444,0.9411764705882353,-0.058823529411764705,0.02864477773273882,0.020534106672939176
plate1_E02_9_1.npy,flow_threshold,0.2,16.0,7582.5,0.885643986628081,0.9411764705882353,-0.058823529411764705,0.02452371301175517,0.015132390108522367
plate1_E02_9_1.npy,flow_threshold,0.6,18.0,7269.5,0.8351660875163085,1.0,0.058823529411764705,-0.017767869206863938,-0.04272579122242479
plate1_E02_9_1.npy,cellprob_threshold,-2,16.0,8060.5,0.8319037469670981,0.9411764705882353,-0.058823529411764705,0.08910957978651533,-0.046465112675593084
plate1_E02_9_1.npy,cellprob_threshold,6,11.0,6484.0,0.9551146674814767,0.6470588235294118,-0.35294117647058826,-0.12390217538170517,0.09476025340568384
plate1_E02_9_1.npy,enhancement,CLAHE,18.0,7357.0,0.8249460306613333,0.9411764705882353,0.058823529411764705,-0.0059451425483042835,-0.05444010408276008
plate1_E01_1_1.npy,baseline,run settings,39.0,6454.0,0.7846977315630561,1.0,0.0,0.0,0.0
plate1_E01_1_1.npy,diameter,x0.75,39.0,6209.0,0.7670997808339235,0.9230769230769231,0.0,-0.03796095444685466,-0.022426407037113367
plate1_E01_1_1.npy,diameter,x1.25,36.0,6546.5,0.7978868915051078,0.9230769230769231,-0.07692307692307693,0.01433219708707778,0.016807949623837897
plate1_E01_1_1.npy,flow_threshold,0.2,35.0,6466.0,0.8017515440837417,0.8974358974358975,-0.10256410256410256,0.0018593120545398203,0.021732970333322815
plate1_E01_1_1.npy,flow_threshold,0.6,41.0,6238.0,0.7643439761459846,1.0,0.05128205128205128,-0.03346761698171676,-0.025938338545376496
plate1_E01_1_1.npy,cellprob_threshold,-2,37.0,6955.0,0.7485855704074305,0.9487179487179487,-0.05128205128205128,0.0776262782770375,-0.04602047349326864
plate1_E01_1_1.npy,cellprob_threshold,6,26.0,5561.5,0.8546987001951715,0.6666666666666666,-0.3333333333333333,-0.13828633405639915,0.0892075582946811
plate1_E01_1_1.npy,enhancement,CLAHE,36.0,6544.5,0.7564057910584814,0.8461538461538461,-0.07692307692307693,0.014022311744654478,-0.036054571545937074
plate1_L01_1_1.npy,baseline,run settings,18.0,6128.0,0.8496734980513673,1.0,0.0,0.0,0.0
plate1_L01_1_1.npy,diameter,x0.75,20.0,5849.0,0.7696455371310804,0.9444444444444444,0.1111111111111111,-0.04552872062663185,-0.09418672125683829
plate1_L01_1_1.npy,diameter,x1.25,18.0,6126.5,0.8489086951906679,1.0,0.0,-0.00024477806788511747,-0.0009001138230783298
plate1_L01_1_1.npy,flow_threshold,0.2,18.0,6128.0,0.8496734980513673,1.0,0.0,0.0,0.0
plate1_L01_1_1.npy,flow_threshold,0.6,18.0,6128.0,0.8496734980513673,1.0,0.0,0.0,0.0
plate1_L01_1_1.npy,cellprob_threshold,-2,18.0,6805.5,0.7981864683038383,1.0,0.0,0.11055809399477806,-0.060596252402374304
plate1_L01_1_1.npy,cellprob_threshold,6,5.0,5648.0,0.9983430502371184,0.2777777777777778,-0.7222222222222222,-0.0783289817232376,0.17497256596411262
plate1_L01_1_1.npy,enhancement,CLAHE,15.0,7146.0,0.8933205188380317,0.8333333333333334,-0.16666666666666666,0.16612271540469975,0.05136916814136727
plate1_L01_11_1.npy,baseline,run settings,53.0,7794.0,0.6898709815681091,1.0,0.0,0.0,0.0
plate1_L01_11_1.npy,diameter,x0.75,53.0,7808.0,0.6866925018074853,0.9245283018867925,0.0,0.001796253528355145,-0.004607353904637305
plate1_L01_11_1.npy,diameter,x1.25,52.0,7820.5,0.6836874539981423,0.9811320754716981,-0.018867924528301886,0.0034000513215293815,-0.008963310148096553
plate1_L01_11_1.npy,flow_threshold,0.2,50.0,7826.5,0.7000878715286754,0.9433962264150944,-0.05660377358490566,0.004169874262253015,0.01480985609416818
plate1_L01_11_1.npy,flow_threshold,0.6,53.0,7794.0,0.6898709815681091,1.0,0.0,0.0,0.0
plate1_L01_11_1.npy,cellprob_threshold,-2,53.0,8245.0,0.6555227033147616,1.0,0.0,0.057865024377726455,-0.04978942319804824
plate1_L01_11_1.npy,cellprob_threshold,6,44.0,6440.5,0.770550322695123,0.8113207547169812,-0.16981132075471697,-0.17365922504490633,0.11694844874272865
plate1_L01_11_1.npy,enhancement,CLAHE,56.0,7567.0,0.6372991443112651,0.9245283018867925,0.05660377358490566,-0.029124967924044138,-0.07620531760496108
