plateID,well,well_type,cell_count_proxy,nuclear_area
BR00117010,A01,sample,54.27,1130.2
BR00117010,A02,negcon,56.026,1165.4
BR00117010,A03,sample,34.306,1114.4
BR00117010,A04,sample,68.345,1131.5
BR00117010,A05,sample,46.253,1143.9
BR00117010,A06,sample,50.742,1141.9
BR00117010,A07,sample,53.568,1126
BR00117010,A08,sample,45.972,1117.3
BR00117010,A09,negcon,49.532,1148.2
BR00117010,A10,sample,45.487,1036.7
BR00117010,A11,sample,45.755,1098.8
BR00117010,A12,sample,55.267,1126.4
BR00117010,A13,sample,32.798,1146.9
BR00117010,A14,sample,4.3171,511.15
BR00117010,A15,sample,29.864,970.14
BR00117010,A16,sample,30.289,1000.4
BR00117010,A17,negcon,53.323,1121.2
BR00117010,A18,sample,36.241,1022.3
BR00117010,A19,sample,31.699,1165.6
BR00117010,A20,sample,39.188,1091.2
BR00117010,A21,sample,46.36,1142.2
BR00117010,A22,sample,46.851,1022.1
BR00117010,A23,sample,42.295,1044.8
BR00117010,A24,sample,13.2,870.14
BR00117010,B01,sample,56.855,1128.5
BR00117010,B02,sample,6.2639,673.46
BR00117010,B03,negcon,55.465,1104.6
BR00117010,B04,sample,26.541,1036.8
BR00117010,B05,sample,57.26,1071
BR00117010,B06,sample,45.795,1248.3
BR00117010,B07,sample,55.613,1099.2
BR00117010,B08,sample,55.932,1084.1
BR00117010,B09,sample,51.361,1085.2
BR00117010,B10,sample,47.565,1083.3
BR00117010,B11,sample,50.257,1041.2
BR00117010,B12,sample,6.7966,577.81
BR00117010,B13,sample,55.767,1057.3
BR00117010,B14,negcon,54.982,1083.6
BR00117010,B15,sample,25.767,1020.4
BR00117010,B16,sample,9.7208,793.08
BR00117010,B17,sample,43.289,1045.1
BR00117010,B18,sample,53.296,1111.9
BR00117010,B19,sample,40.42,1052.3
BR00117010,B20,sample,50.124,1104.6
BR00117010,B21,sample,46.997,1106.5
BR00117010,B22,sample,53.494,1082.5
BR00117010,B23,sample,51.702,1098.7
BR00117010,B24,sample,45.848,1077
BR00117010,C01,sample,75.708,1102
BR00117010,C02,sample,69.873,1054.9
BR00117010,C03,negcon,50.926,1090.7
BR00117010,C04,sample,13.502,1477.7
BR00117010,C05,sample,58.631,1075.7
BR00117010,C06,negcon,53.611,1105.5
BR00117010,C07,sample,56.598,1093.7
BR00117010,C08,sample,12.923,706.02
BR00117010,C09,poscon_diverse,8.9787,980.88
BR00117010,C10,sample,1.6154,423.31
BR00117010,C11,sample,54.145,1110
BR00117010,C12,negcon,52.806,1088.4
BR00117010,C13,poscon_cp,15.065,1251.7
BR00117010,C14,sample,28.601,1402.5
BR00117010,C15,negcon,45.477,1089
BR00117010,C16,sample,49.804,1123.1
BR00117010,C17,sample,54.617,1091.6
BR00117010,C18,negcon,51.996,1106.8
BR00117010,C19,sample,49.185,1106.4
BR00117010,C20,sample,6.3871,464.29
BR00117010,C21,negcon,46.275,1094.7
BR00117010,C22,sample,4.1591,436.36
BR00117010,C23,sample,44.908,1072.3
BR00117010,C24,sample,52.354,1113.4
BR00117010,D01,sample,65.964,1117.3
BR00117010,D02,sample,65.145,1101.8
BR00117010,D03,sample,10.618,690.31
BR00117010,D04,sample,54.725,1074.3
BR00117010,D05,poscon_diverse,62.685,1086.2
BR00117010,D06,sample,61.101,1086.8
BR00117010,D07,poscon_cp,62.142,1051.4
BR00117010,D08,poscon_diverse,29.057,897.13
BR00117010,D09,sample,53.324,1107
BR00117010,D10,sample,52.81,1088.6
BR00117010,D11,poscon_diverse,6.7383,903.1
BR00117010,D12,sample,50.897,1071.9
BR00117010,D13,sample,45.622,1076.8
BR00117010,D14,negcon,51.071,1073.9
BR00117010,D15,negcon,58.796,1055.2
BR00117010,D16,poscon_cp,24.589,957.04
BR00117010,D17,sample,42.665,1145.5
BR00117010,D18,sample,51.58,1038.2
BR00117010,D19,sample,55.363,1108.1
BR00117010,D20,sample,48.706,1062.7
BR00117010,D21,negcon,53.145,1084
BR00117010,D22,negcon,47.541,1062.1
BR00117010,D23,sample,52.179,1093.7
BR00117010,D24,sample,54.631,1130
BR00117010,E01,sample,69.059,1111.8
BR00117010,E02,sample,67.138,1067.2
BR00117010,E03,sample,63.569,1116.6
BR00117010,E04,sample,63.02,1087.7
BR00117010,E05,poscon_diverse,20.653,1597.8
BR00117010,E06,poscon_diverse,8.7407,1020.7
BR00117010,E07,negcon,55.313,1109.7
BR00117010,E08,sample,61.786,1102.9
BR00117010,E09,poscon_orf,49.749,1048.9
BR00117010,E10,poscon_diverse,41.266,1096.7
BR00117010,E11,sample,52.496,1078.2
BR00117010,E12,sample,55.92,1052.7
BR00117010,E13,poscon_diverse,12.108,1142.4
BR00117010,E14,negcon,52.73,1114.9
BR00117010,E15,sample,56.077,1096.7
BR00117010,E16,sample,56.922,1104
BR00117010,E17,negcon,51.394,1061.3
BR00117010,E18,sample,47.78,1095.5
BR00117010,E19,sample,45.545,1130
BR00117010,E20,poscon_diverse,32.846,1061.2
BR00117010,E21,poscon_diverse,10.272,1237
BR00117010,E22,poscon_cp,47.568,1098.4
BR00117010,E23,sample,9.0809,814.04
BR00117010,E24,negcon,53.557,1110.2
BR00117010,F01,negcon,63.738,1102
BR00117010,F02,sample,60.758,1122.9
BR00117010,F03,negcon,67.139,1093.4
BR00117010,F04,sample,64.376,1082.7
BR00117010,F05,sample,69.192,1097.1
BR00117010,F06,negcon,63.018,1060.4
BR00117010,F07,sample,16.349,1244.3
BR00117010,F08,sample,68.553,1065.3
BR00117010,F09,negcon,50.645,1080.3
BR00117010,F10,sample,52.15,1085.6
BR00117010,F11,sample,50.417,1039.4
BR00117010,F12,sample,57.166,1080.1
BR00117010,F13,poscon_cp,44.169,1110.3
BR00117010,F14,sample,57.192,1062.6
BR00117010,F15,sample,53.562,1093.6
BR00117010,F16,poscon_diverse,47.042,1058.2
BR00117010,F17,sample,49.227,1071.6
BR00117010,F18,sample,50.639,1077.4
BR00117010,F19,poscon_diverse,31.611,1085.5
BR00117010,F20,sample,47.496,1072.9
BR00117010,F21,sample,49.43,1083.5
BR00117010,F22,poscon_diverse,34.454,990.69
BR00117010,F23,sample,48.693,1067.1
BR00117010,F24,sample,53.836,1093.3
BR00117010,G01,sample,70.921,1113.3
BR00117010,G02,sample,51.033,1091.9
BR00117010,G03,sample,20.745,1144.7
BR00117010,G04,negcon,57.197,1098.9
BR00117010,G05,sample,57.167,1074.6
BR00117010,G06,sample,6.4156,484.68
BR00117010,G07,sample,62.835,1088.8
BR00117010,G08,sample,51.674,1076.5
BR00117010,G09,negcon,54.1,1099.6
BR00117010,G10,negcon,53.171,1097.7
BR00117010,G11,sample,55.85,1088.6
BR00117010,G12,sample,55.249,1086
BR00117010,G13,negcon,51.148,1077.8
BR00117010,G14,sample,46.93,1111.4
BR00117010,G15,sample,59.11,1088.2
BR00117010,G16,sample,58.646,1086.5
BR00117010,G17,poscon_orf,41.82,1174.9
BR00117010,G18,negcon,48.324,1087.2
BR00117010,G19,sample,47.671,1094
BR00117010,G20,sample,58.608,1077.7
BR00117010,G21,poscon_cp,38.351,1059.5
BR00117010,G22,sample,62.772,1078.8
BR00117010,G23,sample,39.823,1057.6
BR00117010,G24,sample,53.058,1130.1
BR00117010,H01,sample,10.344,923.95
BR00117010,H02,sample,59.296,1089.1
BR00117010,H03,poscon_cp,44.888,1149.6
BR00117010,H04,negcon,51.15,1094.9
BR00117010,H05,poscon_diverse,50.895,1126.6
BR00117010,H06,sample,60.656,1086
BR00117010,H07,poscon_cp,60.351,1079.9
BR00117010,H08,sample,56.593,1072.1
BR00117010,H09,sample,50.937,1065.2
BR00117010,H10,negcon,62.256,1051.3
BR00117010,H11,poscon_orf,56.116,1085.5
BR00117010,H12,sample,56.189,1062.5
BR00117010,H13,negcon,56.536,1111.1
BR00117010,H14,sample,49.264,1098.6
BR00117010,H15,sample,55.664,1065
BR00117010,H16,sample,42.98,1063.8
BR00117010,H17,negcon,57.419,1064.3
BR00117010,H18,negcon,52.205,1063.4
BR00117010,H19,poscon_cp,6.0714,617.94
BR00117010,H20,sample,54.131,1088.9
BR00117010,H21,poscon_orf,53.385,1050.3
BR00117010,H22,sample,58.277,1082.3
BR00117010,H23,sample,43.765,1099.8
BR00117010,H24,sample,9.7667,687.33
BR00117010,I01,sample,70.476,1107.5
BR00117010,I02,negcon,58.139,1119.2
BR00117010,I03,sample,52.362,935.43
BR00117010,I04,sample,73.096,1081.1
BR00117010,I05,poscon_diverse,4.9062,447.2
BR00117010,I06,poscon_diverse,13.861,1092.4
BR00117010,I07,sample,24.751,775.19
BR00117010,I08,sample,46.238,1089.1
BR00117010,I09,negcon,53.964,1087.9
BR00117010,I10,negcon,49.208,1107.6
BR00117010,I11,sample,56.428,1074.5
BR00117010,I12,sample,53.609,1080
BR00117010,I13,sample,49.357,1078.4
BR00117010,I14,poscon_diverse,10.103,1150
BR00117010,I15,sample,51.205,1054.6
BR00117010,I16,poscon_cp,42.591,1056.9
BR00117010,I17,poscon_diverse,9.7124,743.52
BR00117010,I18,poscon_cp,26.602,1140.1
BR00117010,I19,sample,19.266,808.01
BR00117010,I20,sample,2.6538,344.81
BR00117010,I21,negcon,57.923,1078.5
BR00117010,I22,negcon,56.246,1081.4
BR00117010,I23,sample,52.255,1094
BR00117010,I24,sample,43.343,1087
BR00117010,J01,sample,58.306,1120.1
BR00117010,J02,sample,59.136,1083.7
BR00117010,J03,sample,46.551,1086.9
BR00117010,J04,poscon_cp,51.228,1030.9
BR00117010,J05,sample,61.72,1102.5
BR00117010,J06,poscon_diverse,46.446,1032.5
BR00117010,J07,sample,61.348,1079.5
BR00117010,J08,sample,61.645,1095.4
BR00117010,J09,poscon_cp,48.544,1074.1
BR00117010,J10,sample,45.096,1029.4
BR00117010,J11,sample,50.164,1095
BR00117010,J12,sample,56.383,1105
BR00117010,J13,sample,53.159,1102.7
BR00117010,J14,negcon,59.044,1090.3
BR00117010,J15,sample,53.999,1100.4
BR00117010,J16,sample,60.665,1049.7
BR00117010,J17,poscon_cp,47.522,1056.1
BR00117010,J18,sample,50.253,1081.6
BR00117010,J19,negcon,45.762,1104.1
BR00117010,J20,poscon_diverse,46.813,1134.1
BR00117010,J21,sample,9.9733,1109.3
BR00117010,J22,poscon_cp,55.779,1103.4
BR00117010,J23,negcon,56.328,1082.1
BR00117010,J24,sample,48.093,1098.5
BR00117010,K01,sample,5.1489,394.36
BR00117010,K02,sample,66.086,1079.4
BR00117010,K03,poscon_orf,20.68,1294
BR00117010,K04,poscon_cp,55.148,1167.9
BR00117010,K05,negcon,56.465,1068
BR00117010,K06,negcon,43.725,1126.9
BR00117010,K07,sample,62.663,1094.2
BR00117010,K08,sample,34.364,999.56
BR00117010,K09,sample,66.719,1066.2
BR00117010,K10,poscon_cp,61.436,1065
BR00117010,K11,poscon_diverse,8.4797,549.1
BR00117010,K12,sample,55.869,1103.1
BR00117010,K13,negcon,47.079,1103.3
BR00117010,K14,sample,11.092,1110
BR00117010,K15,sample,49.946,1080.3
BR00117010,K16,negcon,46,1111.7
BR00117010,K17,sample,10.605,848.53
BR00117010,K18,sample,56.679,1072
BR00117010,K19,negcon,48.947,1124.6
BR00117010,K20,poscon_diverse,37.031,1093
BR00117010,K21,sample,12.975,939.68
BR00117010,K22,sample,53.07,1063.1
BR00117010,K23,sample,55.496,1093.5
BR00117010,K24,sample,46.437,1127.3
BR00117010,L01,sample,12.289,780.57
BR00117010,L02,negcon,69.32,1084
BR00117010,L03,sample,59.623,1092.7
BR00117010,L04,sample,9.972,755.38
BR00117010,L05,negcon,73.296,1081
BR00117010,L06,negcon,59.129,1086.6
BR00117010,L07,sample,61.267,1090.9
BR00117010,L08,poscon_orf,52.857,1020.5
BR00117010,L09,poscon_diverse,27.509,872.83
BR00117010,L10,sample,55.718,1088.3
BR00117010,L11,sample,8.7321,558.24
BR00117010,L12,poscon_diverse,6.314,875.65
BR00117010,L13,sample,54.697,1083.1
BR00117010,L14,sample,27.429,1492.6
BR00117010,L15,negcon,54.147,1089
BR00117010,L16,sample,39.621,1102.8
BR00117010,L17,sample,50.165,1088.7
BR00117010,L18,negcon,57.103,1081.8
BR00117010,L19,sample,49.347,1076.5
BR00117010,L20,sample,20.054,1484.4
BR00117010,L21,sample,9.4859,959.27
BR00117010,L22,sample,55.105,1057.5
BR00117010,L23,sample,27.379,1128.1
BR00117010,L24,sample,58.965,1101.9
BR00117010,M01,negcon,83.866,1106.7
BR00117010,M02,sample,62.569,1088.3
BR00117010,M03,sample,66.7,1093.6
BR00117010,M04,negcon,53.487,1098.7
BR00117010,M05,sample,61.013,1064.3
BR00117010,M06,sample,50.976,1132.4
BR00117010,M07,sample,65.298,1085.6
BR00117010,M08,sample,54.88,1118
BR00117010,M09,sample,67.699,1115.6
BR00117010,M10,poscon_diverse,11.541,701.8
BR00117010,M11,sample,54.306,1002.4
BR00117010,M12,sample,12.457,1293.4
BR00117010,M13,sample,48.541,1137.3
BR00117010,M14,sample,63.871,1070.7
BR00117010,M15,sample,39.679,977.98
BR00117010,M16,poscon_cp,4.102,579.69
BR00117010,M17,negcon,58.102,1061.4
BR00117010,M18,poscon_cp,55.51,1093.7
BR00117010,M19,sample,8.8088,1092.6
BR00117010,M20,poscon_cp,3.3953,848.02
BR00117010,M21,sample,51.469,1083.5
BR00117010,M22,negcon,63.926,1092.4
BR00117010,M23,negcon,60.326,1096.5
BR00117010,M24,sample,51.671,1095.3
BR00117010,N01,sample,53.613,1128.2
BR00117010,N02,sample,77.483,1095.8
BR00117010,N03,sample,6.3816,896.88
BR00117010,N04,poscon_diverse,39.342,1125.1
BR00117010,N05,sample,53.689,1046.8
BR00117010,N06,poscon_cp,7.7304,1065.3
BR00117010,N07,negcon,58.334,1100.5
BR00117010,N08,negcon,56.329,1097
BR00117010,N09,poscon_cp,16.075,1835.5
BR00117010,N10,sample,58.088,1064.1
BR00117010,N11,poscon_cp,52.369,1097.3
BR00117010,N12,sample,16.51,1821.9
BR00117010,N13,sample,53.145,1091.7
BR00117010,N14,poscon_cp,42.026,984.33
BR00117010,N15,sample,8.9552,749.6
BR00117010,N16,sample,50.789,1102.5
BR00117010,N17,negcon,59.025,1091.4
BR00117010,N18,poscon_diverse,17.137,1602.8
BR00117010,N19,poscon_cp,5.6481,727.02
BR00117010,N20,poscon_cp,65.213,1072.8
BR00117010,N21,poscon_diverse,12.426,849.56
BR00117010,N22,negcon,46.669,1083.2
BR00117010,N23,sample,51.286,1104.9
BR00117010,N24,sample,41.708,1006.9
BR00117010,O01,sample,63.676,1105.6
BR00117010,O02,sample,68.688,1115.3
BR00117010,O03,sample,56.981,1084.1
BR00117010,O04,sample,67.699,1053
BR00117010,O05,sample,56.188,1100.3
BR00117010,O06,sample,56.948,1089.2
BR00117010,O07,negcon,49.752,1097.2
BR00117010,O08,sample,62.243,1090.3
BR00117010,O09,sample,54.642,1082.5
BR00117010,O10,sample,64.43,1082
BR00117010,O11,sample,56.724,1101.6
BR00117010,O12,sample,54.777,1060.1
BR00117010,O13,sample,57.778,1089.8
BR00117010,O14,sample,54.614,1067.3
BR00117010,O15,sample,63.188,1076.1
BR00117010,O16,sample,12.873,840.79
BR00117010,O17,sample,49.85,1116.5
BR00117010,O18,negcon,55.256,1083.1
BR00117010,O19,sample,55.379,1068.2
BR00117010,O20,sample,39.934,1106.5
BR00117010,O21,sample,53.733,1104
BR00117010,O22,sample,9.0769,817.36
BR00117010,O23,sample,58.375,1094.9
BR00117010,O24,sample,54.308,1077.8
BR00117010,P01,sample,58.082,1159.8
BR00117010,P02,sample,71.307,1133.1
BR00117010,P03,sample,65.595,1115.6
BR00117010,P04,sample,62.545,1090.6
BR00117010,P05,negcon,61.727,1116.4
BR00117010,P06,sample,63.499,1093
BR00117010,P07,sample,44.21,1053.3
BR00117010,P08,sample,51.425,1121.8
BR00117010,P09,sample,67.899,1069
BR00117010,P10,negcon,64.488,1132.3
BR00117010,P11,sample,50.774,1102.1
BR00117010,P12,sample,67.853,1075.1
BR00117010,P13,sample,53.884,1097.5
BR00117010,P14,sample,62.839,1110
BR00117010,P15,sample,65.945,1092.4
BR00117010,P16,sample,55.722,1093.3
BR00117010,P17,sample,20.01,1474.5
BR00117010,P18,sample,56.527,1077.6
BR00117010,P19,sample,60.544,1106.4
BR00117010,P20,sample,47.284,1117.1
BR00117010,P21,sample,57.928,1147.7
BR00117010,P22,sample,54.095,1122.1
BR00117010,P23,sample,43.969,1047.6
BR00117010,P24,sample,47.399,1099.5
BR00117011,A01,sample,43.786,1180.3
BR00117011,A02,negcon,49.299,1149.9
BR00117011,A03,sample,39.854,1138.7
BR00117011,A04,sample,48.676,1152.7
BR00117011,A05,sample,51.738,1142.6
BR00117011,A06,sample,51.699,1148.5
BR00117011,A07,sample,50.779,1139.4
BR00117011,A08,sample,40.467,1141
BR00117011,A09,negcon,39.148,1149.3
BR00117011,A10,sample,58.749,1065.4
BR00117011,A11,sample,40.324,1120.3
BR00117011,A12,sample,43.751,1156.5
BR00117011,A13,sample,49.641,1146.3
BR00117011,A14,sample,5.9153,413.19
BR00117011,A15,sample,24.898,986.3
BR00117011,A16,sample,33.974,1033.8
BR00117011,A17,negcon,49.333,1131.8
BR00117011,A18,sample,27.719,1072
BR00117011,A19,sample,34.862,1143.6
BR00117011,A20,sample,36.662,1105.8
BR00117011,A21,sample,43.286,1160.7
BR00117011,A22,sample,44.009,1081.9
BR00117011,A23,sample,38.537,1095.6
BR00117011,A24,sample,11.38,886.39
BR00117011,B01,sample,57.662,1147.2
BR00117011,B02,sample,7.5176,857.34
BR00117011,B03,negcon,66.989,1102.2
BR00117011,B04,sample,36.25,1048.6
BR00117011,B05,sample,52.516,1110.5
BR00117011,B06,sample,35.334,1308.8
BR00117011,B07,sample,50.811,1134.6
BR00117011,B08,sample,57.241,1091.8
BR00117011,B09,sample,51.053,1085
BR00117011,B10,sample,50.395,1088.3
BR00117011,B11,sample,42.543,1085.9
BR00117011,B12,sample,6.8108,584.55
BR00117011,B13,sample,51.823,1115.5
BR00117011,B14,negcon,59.741,1073.5
BR00117011,B15,sample,22.29,1069.6
BR00117011,B16,sample,9.5441,966.78
BR00117011,B17,sample,50.115,1062.1
BR00117011,B18,sample,54.645,1119.8
BR00117011,B19,sample,42.385,1054
BR00117011,B20,sample,45.686,1140.5
BR00117011,B21,sample,51.16,1112
BR00117011,B22,sample,54.534,1122.6
BR00117011,B23,sample,40.921,1121.6
BR00117011,B24,sample,54.028,1101
BR00117011,C01,sample,75.453,1106.2
BR00117011,C02,sample,55.522,1064.6
BR00117011,C03,negcon,62.705,1080.5
BR00117011,C04,sample,15.744,1519.4
BR00117011,C05,sample,56.042,1112.5
BR00117011,C06,negcon,55.029,1109.3
BR00117011,C07,sample,63.472,1077.3
BR00117011,C08,sample,11.93,752.99
BR00117011,C09,poscon_diverse,9.6058,1056
BR00117011,C10,sample,3,240.78
BR00117011,C11,sample,53.065,1097.4
BR00117011,C12,negcon,56.421,1101.8
BR00117011,C13,poscon_cp,11.948,1375.2
BR00117011,C14,sample,24.091,1430.9
BR00117011,C15,negcon,56.849,1098.8
BR00117011,C16,sample,48.399,1103.1
BR00117011,C17,sample,52.477,1089.2
BR00117011,C18,negcon,57.274,1079
BR00117011,C19,sample,51.13,1105.9
BR00117011,C20,sample,4.4146,594.83
BR00117011,C21,negcon,52.587,1096.5
BR00117011,C22,sample,4.359,588.46
BR00117011,C23,sample,52.546,1069.4
BR00117011,C24,sample,43.523,1137.5
BR00117011,D01,sample,63.424,1117.7
BR00117011,D02,sample,66.675,1095.6
BR00117011,D03,sample,10.52,743.89
BR00117011,D04,sample,66.932,1081.2
BR00117011,D05,poscon_diverse,52.643,1097.6
BR00117011,D06,sample,54.698,1073.8
BR00117011,D07,poscon_cp,71.646,1067.5
BR00117011,D08,poscon_diverse,28.529,930.72
BR00117011,D09,sample,61.589,1071.4
BR00117011,D10,sample,50.486,1135.8
BR00117011,D11,poscon_diverse,7.3365,859.37
BR00117011,D12,sample,51.809,1076
BR00117011,D13,sample,55.623,1084.9
BR00117011,D14,negcon,54.259,1080.5
BR00117011,D15,negcon,50.746,1103.5
BR00117011,D16,poscon_cp,28.104,951.73
BR00117011,D17,sample,51.3,1143.6
BR00117011,D18,sample,49.588,1042.4
BR00117011,D19,sample,49.653,1108.7
BR00117011,D20,sample,55.601,1106.5
BR00117011,D21,negcon,57.349,1077.9
BR00117011,D22,negcon,60.158,1071.7
BR00117011,D23,sample,47.95,1079.2
BR00117011,D24,sample,44.765,1160
BR00117011,E01,sample,62.307,1081.2
BR00117011,E02,sample,64.478,1096.2
BR00117011,E03,sample,60.602,1078.9
BR00117011,E04,sample,68.822,1063.8
BR00117011,E05,poscon_diverse,15.694,1630.8
BR00117011,E06,poscon_diverse,8.3738,986.28
BR00117011,E07,negcon,63.709,1079.5
BR00117011,E08,sample,63.136,1081.1
BR00117011,E09,poscon_orf,56.03,1083.8
BR00117011,E10,poscon_diverse,45.059,1079.2
BR00117011,E11,sample,58.787,1087.7
BR00117011,E12,sample,51.47,1066.7
BR00117011,E13,poscon_diverse,11.385,1109.9
BR00117011,E14,negcon,47.253,1076.7
BR00117011,E15,sample,51.519,1088.5
BR00117011,E16,sample,58.125,1105.9
BR00117011,E17,negcon,51.854,1113.7
BR00117011,E18,sample,53.513,1101.1
BR00117011,E19,sample,49.822,1107.5
BR00117011,E20,poscon_diverse,32.519,1088.9
BR00117011,E21,poscon_diverse,10.013,1360.3
BR00117011,E22,poscon_cp,46.431,1089.1
BR00117011,E23,sample,8.5725,816.98
BR00117011,E24,negcon,46.638,1091
BR00117011,F01,negcon,57.503,1139.1
BR00117011,F02,sample,71.413,1071.3
BR00117011,F03,negcon,58.426,1095.3
BR00117011,F04,sample,56.209,1074.1
BR00117011,F05,sample,64.482,1076.4
BR00117011,F06,negcon,67.937,1086.3
BR00117011,F07,sample,14.235,1358
BR00117011,F08,sample,65.115,1076.2
BR00117011,F09,negcon,51.976,1082.8
BR00117011,F10,sample,54.736,1081.4
BR00117011,F11,sample,53.723,1049.9
BR00117011,F12,sample,55.015,1100.1
BR00117011,F13,poscon_cp,52.877,1072.6
BR00117011,F14,sample,55.974,1076.8
BR00117011,F15,sample,56.375,1099.1
BR00117011,F16,poscon_diverse,42.147,1104.6
BR00117011,F17,sample,48.584,1054.4
BR00117011,F18,sample,59.558,1067.2
BR00117011,F19,poscon_diverse,31.351,1105.6
BR00117011,F20,sample,48.299,1102.3
BR00117011,F21,sample,52.496,1116.8
BR00117011,F22,poscon_diverse,33.748,992.85
BR00117011,F23,sample,46.821,1079
BR00117011,F24,sample,47.911,1097
BR00117011,G01,sample,54.533,1126.6
BR00117011,G02,sample,56.966,1112.6
BR00117011,G03,sample,21.114,1188.4
BR00117011,G04,negcon,65.348,1113.8
BR00117011,G05,sample,56.659,1071
BR00117011,G06,sample,5.3729,448.71
BR00117011,G07,sample,50.784,1104.8
BR00117011,G08,sample,55.192,1112.5
BR00117011,G09,negcon,59.636,1095.5
BR00117011,G10,negcon,64.05,1072.5
BR00117011,G11,sample,67.929,1077.4
BR00117011,G12,sample,59.919,1089.4
BR00117011,G13,negcon,49.174,1082.6
BR00117011,G14,sample,55.123,1077.9
BR00117011,G15,sample,44.516,1120.2
BR00117011,G16,sample,53.077,1075.9
BR00117011,G17,poscon_orf,38.951,1199.9
BR00117011,G18,negcon,52.863,1089.1
BR00117011,G19,sample,49.417,1081.7
BR00117011,G20,sample,60.398,1085.3
BR00117011,G21,poscon_cp,39.548,1104.7
BR00117011,G22,sample,55.482,1075.8
BR00117011,G23,sample,43.497,1040.2
BR00117011,G24,sample,44.82,1119.3
BR00117011,H01,sample,14.439,953.1
BR00117011,H02,sample,71.996,1109.1
BR00117011,H03,poscon_cp,43.956,1106.4
BR00117011,H04,negcon,51.859,1056.9
BR00117011,H05,poscon_diverse,52.479,1103.4
BR00117011,H06,sample,49.124,1112.8
BR00117011,H07,poscon_cp,49.481,1164.6
BR00117011,H08,sample,59.485,1082
BR00117011,H09,sample,58.054,1074.6
BR00117011,H10,negcon,53.879,1077.1
BR00117011,H11,poscon_orf,56.735,1087.9
BR00117011,H12,sample,49.554,1096.3
BR00117011,H13,negcon,54.342,1089.8
BR00117011,H14,sample,53.999,1114.2
BR00117011,H15,sample,48.669,1087.6
BR00117011,H16,sample,42.288,1085.6
BR00117011,H17,negcon,61.603,1070.4
BR00117011,H18,negcon,53.459,1071
BR00117011,H19,poscon_cp,8.0471,656.29
BR00117011,H20,sample,52.025,1087.2
BR00117011,H21,poscon_orf,46.419,1134
BR00117011,H22,sample,45.862,1091.4
BR00117011,H23,sample,53.384,1104.1
BR00117011,H24,sample,12.299,758.6
BR00117011,I01,sample,68.607,1083
BR00117011,I02,negcon,63.32,1082.2
BR00117011,I03,sample,57.837,900.42
BR00117011,I04,sample,60.387,1087
BR00117011,I05,poscon_diverse,9.3878,538.17
BR00117011,I06,poscon_diverse,12.613,1033.1
BR00117011,I07,sample,25.783,799.68
BR00117011,I08,sample,47.768,1085.8
BR00117011,I09,negcon,55.073,1095.3
BR00117011,I10,negcon,51.963,1096
BR00117011,I11,sample,49.837,1096.8
BR00117011,I12,sample,57.973,1100.4
BR00117011,I13,sample,54.532,1080.2
BR00117011,I14,poscon_diverse,8.7622,1365.5
BR00117011,I15,sample,52.903,1102.7
BR00117011,I16,poscon_cp,47.476,1060.5
BR00117011,I17,poscon_diverse,9.6333,671.06
BR00117011,I18,poscon_cp,34.674,1106.9
BR00117011,I19,sample,14.254,825.01
BR00117011,I20,sample,3.5,497.5
BR00117011,I21,negcon,51.772,1074.6
BR00117011,I22,negcon,51.059,1116.7
BR00117011,I23,sample,56.615,1100.2
BR00117011,I24,sample,45.93,1170.6
BR00117011,J01,sample,55.174,1159.5
BR00117011,J02,sample,61.121,1090.5
BR00117011,J03,sample,54.288,1064.1
BR00117011,J04,poscon_cp,47.843,1038.3
BR00117011,J05,sample,62.916,1077.8
BR00117011,J06,poscon_diverse,49.089,1020
BR00117011,J07,sample,58.359,1083.4
BR00117011,J08,sample,52.172,1090.1
BR00117011,J09,poscon_cp,57.388,1084.5
BR00117011,J10,sample,51.579,1026.4
BR00117011,J11,sample,47.047,1083.4
BR00117011,J12,sample,52.999,1096.6
BR00117011,J13,sample,42.793,1103.3
BR00117011,J14,negcon,53.941,1064.5
BR00117011,J15,sample,49.403,1129.7
BR00117011,J16,sample,55.889,1067.3
BR00117011,J17,poscon_cp,48.139,1090.7
BR00117011,J18,sample,49.827,1060.7
BR00117011,J19,negcon,57.183,1110.1
BR00117011,J20,poscon_diverse,42.696,1148.1
BR00117011,J21,sample,14.245,964.47
BR00117011,J22,poscon_cp,45.654,1084.5
BR00117011,J23,negcon,45.346,1128.7
BR00117011,J24,sample,52.389,1136.1
BR00117011,K01,sample,4.2895,548.47
BR00117011,K02,sample,56.544,1115.7
BR00117011,K03,poscon_orf,29.916,1317.3
BR00117011,K04,poscon_cp,49.417,1143.2
BR00117011,K05,negcon,64.215,1072
BR00117011,K06,negcon,59.857,1089.7
BR00117011,K07,sample,53.442,1128.7
BR00117011,K08,sample,38.026,986.71
BR00117011,K09,sample,64.667,1069.5
BR00117011,K10,poscon_cp,50.041,1066.1
BR00117011,K11,poscon_diverse,6.7879,511.51
BR00117011,K12,sample,55.031,1128.5
BR00117011,K13,negcon,57.198,1111.5
BR00117011,K14,sample,13.451,1093.6
BR00117011,K15,sample,48.778,1112
BR00117011,K16,negcon,54.004,1114
BR00117011,K17,sample,7.7478,924.05
BR00117011,K18,sample,48.094,1106
BR00117011,K19,negcon,55.851,1072.7
BR00117011,K20,poscon_diverse,41.644,1070.6
BR00117011,K21,sample,13.642,980.09
BR00117011,K22,sample,52.998,1073.3
BR00117011,K23,sample,57.876,1087.4
BR00117011,K24,sample,34.099,1110.3
BR00117011,L01,sample,11.365,675.39
BR00117011,L02,negcon,63.288,1105
BR00117011,L03,sample,63.408,1090.6
BR00117011,L04,sample,9.6471,690.41
BR00117011,L05,negcon,57.633,1102.8
BR00117011,L06,negcon,67.271,1104.9
BR00117011,L07,sample,59.951,1115.9
BR00117011,L08,poscon_orf,59.325,1035.6
BR00117011,L09,poscon_diverse,23.901,913.31
BR00117011,L10,sample,66.526,1077
BR00117011,L11,sample,8.0645,519.09
BR00117011,L12,poscon_diverse,5.5,978.63
BR00117011,L13,sample,57.548,1097
BR00117011,L14,sample,27.254,1487.3
BR00117011,L15,negcon,56.48,1105.4
BR00117011,L16,sample,40.614,1132.3
BR00117011,L17,sample,52.684,1080.5
BR00117011,L18,negcon,48.168,1074.6
BR00117011,L19,sample,50.195,1089.8
BR00117011,L20,sample,22.557,1503.9
BR00117011,L21,sample,11.21,858.12
BR00117011,L22,sample,53.614,1089.3
BR00117011,L23,sample,20.261,1063
BR00117011,L24,sample,54.342,1141
BR00117011,M01,negcon,68.024,1085.9
BR00117011,M02,sample,59.469,1067.8
BR00117011,M03,sample,71.2,1069.9
BR00117011,M04,negcon,68.308,1084.8
BR00117011,M05,sample,65.449,1095.8
BR00117011,M06,sample,61.276,1112.3
BR00117011,M07,sample,63.576,1104.1
BR00117011,M08,sample,55.927,1072.3
BR00117011,M09,sample,64.175,1109.7
BR00117011,M10,poscon_diverse,11.644,788.16
BR00117011,M11,sample,50.363,1034.5
BR00117011,M12,sample,15.784,1261.1
BR00117011,M13,sample,63.031,1080.7
BR00117011,M14,sample,50.39,1099.1
BR00117011,M15,sample,41.718,1050.9
BR00117011,M16,poscon_cp,7.8676,578.24
BR00117011,M17,negcon,71.984,1067.7
BR00117011,M18,poscon_cp,54.227,1079.2
BR00117011,M19,sample,8.6957,1155.1
BR00117011,M20,poscon_cp,5.9077,747.69
BR00117011,M21,sample,48.231,1101.8
BR00117011,M22,negcon,58.943,1083.9
BR00117011,M23,negcon,56.268,1108.3
BR00117011,M24,sample,49.179,1092.5
BR00117011,N01,sample,66.959,1117
BR00117011,N02,sample,66.289,1105.6
BR00117011,N03,sample,6.3864,850.64
BR00117011,N04,poscon_diverse,41.083,1090.8
BR00117011,N05,sample,56.937,1083.5
BR00117011,N06,poscon_cp,11.63,1092.9
BR00117011,N07,negcon,59.544,1072.1
BR00117011,N08,negcon,63.247,1063.6
BR00117011,N09,poscon_cp,17.07,1795.8
BR00117011,N10,sample,55.648,1094.7
BR00117011,N11,poscon_cp,55.67,1128.8
BR00117011,N12,sample,17.234,1730
BR00117011,N13,sample,50.258,1052.5
BR00117011,N14,poscon_cp,51.435,993.77
BR00117011,N15,sample,8.0097,724.66
BR00117011,N16,sample,58.081,1081.9
BR00117011,N17,negcon,74.088,1045.1
BR00117011,N18,poscon_diverse,17.287,1625.1
BR00117011,N19,poscon_cp,5.35,716.13
BR00117011,N20,poscon_cp,55.948,1064.7
BR00117011,N21,poscon_diverse,13.561,996.28
BR00117011,N22,negcon,68.295,1069.2
BR00117011,N23,sample,58.646,1120.1
BR00117011,N24,sample,39.579,952.02
BR00117011,O01,sample,67.997,1080.5
BR00117011,O02,sample,66.456,1130.3
BR00117011,O03,sample,60.597,1089.4
BR00117011,O04,sample,51.603,1094.3
BR00117011,O05,sample,64.398,1078.1
BR00117011,O06,sample,60.036,1105.4
BR00117011,O07,negcon,58.455,1089.3
BR00117011,O08,sample,58.323,1095.8
BR00117011,O09,sample,57.502,1108.1
BR00117011,O10,sample,59.525,1086.3
BR00117011,O11,sample,61.467,1053.1
BR00117011,O12,sample,58.675,1100.8
BR00117011,O13,sample,63.363,1079.3
BR00117011,O14,sample,60.977,1085.7
BR00117011,O15,sample,59.244,1118.5
BR00117011,O16,sample,15.474,802.47
BR00117011,O17,sample,61.396,1117.2
BR00117011,O18,negcon,57.548,1121.5
BR00117011,O19,sample,59.411,1097.8
BR00117011,O20,sample,54.716,1063.5
BR00117011,O21,sample,51.867,1096.6
BR00117011,O22,sample,12.776,1105.1
BR00117011,O23,sample,53.944,1066.9
BR00117011,O24,sample,57.565,1066.9
BR00117011,P01,sample,61.581,1116.3
BR00117011,P02,sample,66.568,1125.5
BR00117011,P03,sample,60.95,1080.9
BR00117011,P04,sample,64.95,1082
BR00117011,P05,negcon,58.712,1070.8
BR00117011,P06,sample,65.2,1111.9
BR00117011,P07,sample,49.142,1071.1
BR00117011,P08,sample,52.959,1144.7
BR00117011,P09,sample,51.671,1130.2
BR00117011,P10,negcon,65.35,1091.1
BR00117011,P11,sample,54.842,1115.1
BR00117011,P12,sample,66.133,1066.8
BR00117011,P13,sample,58.438,1085.2
BR00117011,P14,sample,59.8,1113.8
BR00117011,P15,sample,58.379,1120.2
BR00117011,P16,sample,64.977,1077.2
BR00117011,P17,sample,26.094,1454.9
BR00117011,P18,sample,70.271,1090.7
BR00117011,P19,sample,63.69,1096.8
BR00117011,P20,sample,57.631,1140.7
BR00117011,P21,sample,68.333,1098.9
BR00117011,P22,sample,51.266,1118.2
BR00117011,P23,sample,64.398,1080.4
BR00117011,P24,sample,50.374,1129.6
BR00117012,A01,sample,51.539,1087.6
BR00117012,A02,negcon,47.298,1066
BR00117012,A03,sample,32.549,827.91
BR00117012,A04,sample,41.312,1055
BR00117012,A05,sample,42.44,826.47
BR00117012,A06,sample,55.587,1053.9
BR00117012,A07,sample,48.203,1057.4
BR00117012,A08,sample,35.768,1068.8
BR00117012,A09,negcon,50.438,1157.9
BR00117012,A10,sample,43.712,1073.6
BR00117012,A11,sample,44.948,1087.1
BR00117012,A12,sample,47.021,1136.5
BR00117012,A13,sample,33.881,1138.5
BR00117012,A14,sample,2.9032,597.42
BR00117012,A15,sample,23.537,949.65
BR00117012,A16,sample,25.7,980.76
BR00117012,A17,negcon,44.854,1119.4
BR00117012,A18,sample,26.153,956.46
BR00117012,A19,sample,44.337,1138.6
BR00117012,A20,sample,34.705,1105.9
BR00117012,A21,sample,42.906,1144.5
BR00117012,A22,sample,33.128,1035.8
BR00117012,A23,sample,45.974,1097.9
BR00117012,A24,sample,15.903,866.13
BR00117012,B01,sample,59.375,1122.5
BR00117012,B02,sample,7.7528,646.61
BR00117012,B03,negcon,54.143,1120.9
BR00117012,B04,sample,30.284,1043.8
BR00117012,B05,sample,52.151,1120.2
BR00117012,B06,sample,41.763,1323.6
BR00117012,B07,sample,59.95,1115.3
BR00117012,B08,sample,53.294,1107.3
BR00117012,B09,sample,52.811,1081.7
BR00117012,B10,sample,53.833,1106.9
BR00117012,B11,sample,57.524,1078.9
BR00117012,B12,sample,9.8,523.22
BR00117012,B13,sample,44.783,1112.6
BR00117012,B14,negcon,54.888,1111.6
BR00117012,B15,sample,23.595,1035.5
BR00117012,B16,sample,8.7037,877.7
BR00117012,B17,sample,49.857,1036.1
BR00117012,B18,sample,51.535,1118.8
BR00117012,B19,sample,38.332,1048.7
BR00117012,B20,sample,53.696,1129.1
BR00117012,B21,sample,54.45,1134
BR00117012,B22,sample,51.627,1101.8
BR00117012,B23,sample,42.516,1141.7
BR00117012,B24,sample,48.063,1072.5
BR00117012,C01,sample,64.567,1053.3
BR00117012,C02,sample,49.746,1054
BR00117012,C03,negcon,58.804,1007.7
BR00117012,C04,sample,13.217,1356.2
BR00117012,C05,sample,54.387,987.26
BR00117012,C06,negcon,52.708,1035.5
BR00117012,C07,sample,51.881,1023.2
BR00117012,C08,sample,13.029,604.88
BR00117012,C09,poscon_diverse,4.7937,768.32
BR00117012,C10,sample,1.8,426.6
BR00117012,C11,sample,48.014,1102.2
BR00117012,C12,negcon,51.293,1071.3
BR00117012,C13,poscon_cp,13.177,1323.9
BR00117012,C14,sample,21.13,1375.5
BR00117012,C15,negcon,53.511,1093.3
BR00117012,C16,sample,51.64,1092.3
BR00117012,C17,sample,53.373,1067.9
BR00117012,C18,negcon,56.151,1060.3
BR00117012,C19,sample,51.788,1111.5
BR00117012,C20,sample,4.4815,447.78
BR00117012,C21,negcon,49.367,1127.3
BR00117012,C22,sample,9.8438,713.64
BR00117012,C23,sample,49.981,1056.2
BR00117012,C24,sample,43.115,1123.2
BR00117012,D01,sample,57.307,1115.6
BR00117012,D02,sample,59.751,1097.4
BR00117012,D03,sample,9.9463,732.86
BR00117012,D04,sample,67.033,1098.2
BR00117012,D05,poscon_diverse,56.48,1069.2
BR00117012,D06,sample,49.047,1102.5
BR00117012,D07,poscon_cp,56.831,1100.1
BR00117012,D08,poscon_diverse,24.408,883.83
BR00117012,D09,sample,47.55,1123.2
BR00117012,D10,sample,64.255,1109.3
BR00117012,D11,poscon_diverse,8.5333,980.65
BR00117012,D12,sample,52.998,1120.6
BR00117012,D13,sample,52.832,1072.5
BR00117012,D14,negcon,40.979,1114.9
BR00117012,D15,negcon,53.582,1089.4
BR00117012,D16,poscon_cp,24.923,895.11
BR00117012,D17,sample,40.905,1195.7
BR00117012,D18,sample,43.985,1070.6
BR00117012,D19,sample,55.301,1112.5
BR00117012,D20,sample,55.848,1098.8
BR00117012,D21,negcon,53.471,1112
BR00117012,D22,negcon,57.189,1066.7
BR00117012,D23,sample,53.125,1083.1
BR00117012,D24,sample,48.442,1126.6
BR00117012,E01,sample,64.197,1081.5
BR00117012,E02,sample,46.952,1013.5
BR00117012,E03,sample,54.744,1054.6
BR00117012,E04,sample,53.13,1030
BR00117012,E05,poscon_diverse,14.628,1385.4
BR00117012,E06,poscon_diverse,7.4874,919.86
BR00117012,E07,negcon,55.962,1058.1
BR00117012,E08,sample,54.815,1090
BR00117012,E09,poscon_orf,52.328,1063.8
BR00117012,E10,poscon_diverse,47.147,1079.6
BR00117012,E11,sample,51.787,1097
BR00117012,E12,sample,51.267,1088
BR00117012,E13,poscon_diverse,12.078,1048.8
BR00117012,E14,negcon,56.506,1087.6
BR00117012,E15,sample,45.143,1076.6
BR00117012,E16,sample,51.126,1104.6
BR00117012,E17,negcon,53.822,1088.9
BR00117012,E18,sample,56.725,1108.5
BR00117012,E19,sample,52.126,1075.9
BR00117012,E20,poscon_diverse,39.509,1053.7
BR00117012,E21,poscon_diverse,12.094,1217.2
BR00117012,E22,poscon_cp,52.052,1058.6
BR00117012,E23,sample,10.772,741.35
BR00117012,E24,negcon,50.051,1139.3
BR00117012,F01,negcon,65.655,1114.7
BR00117012,F02,sample,64.745,1105.5
BR00117012,F03,negcon,57.087,1121.8
BR00117012,F04,sample,57.944,1131
BR00117012,F05,sample,57.094,1106.6
BR00117012,F06,negcon,64.743,1104.7
BR00117012,F07,sample,15.949,1244.6
BR00117012,F08,sample,46.539,1123.1
BR00117012,F09,negcon,47.803,1083.8
BR00117012,F10,sample,48.783,1114.9
BR00117012,F11,sample,42.726,1056.1
BR00117012,F12,sample,48.186,1097.5
BR00117012,F13,poscon_cp,50.971,1105.1
BR00117012,F14,sample,45.787,1099.9
BR00117012,F15,sample,52.043,1058
BR00117012,F16,poscon_diverse,50.138,1105.2
BR00117012,F17,sample,47.121,1119.1
BR00117012,F18,sample,50.072,1092.1
BR00117012,F19,poscon_diverse,29.844,1106.8
BR00117012,F20,sample,51.051,1085.2
BR00117012,F21,sample,54.639,1072.1
BR00117012,F22,poscon_diverse,31.578,1004.7
BR00117012,F23,sample,53.476,1088.4
BR00117012,F24,sample,38.472,1113.3
BR00117012,G01,sample,51.92,1032.6
BR00117012,G02,sample,53.123,1040.1
BR00117012,G03,sample,18.738,1034.2
BR00117012,G04,negcon,51.634,731.93
BR00117012,G05,sample,46.267,1004.7
BR00117012,G06,sample,4.2857,447.94
BR00117012,G07,sample,55.934,1026.1
BR00117012,G08,sample,57.707,999.53
BR00117012,G09,negcon,54.378,983.69
BR00117012,G10,negcon,61.568,978.52
BR00117012,G11,sample,50.967,1072.2
BR00117012,G12,sample,58.616,1099.7
BR00117012,G13,negcon,54.115,1116.2
BR00117012,G14,sample,56.841,1089.2
BR00117012,G15,sample,62.463,1072.3
BR00117012,G16,sample,53.826,1085.2
BR00117012,G17,poscon_orf,36.789,1194.5
BR00117012,G18,negcon,59.528,1088.8
BR00117012,G19,sample,50.423,1127
BR00117012,G20,sample,51.379,1095
BR00117012,G21,poscon_cp,37.353,1079.9
BR00117012,G22,sample,53.696,1126.6
BR00117012,G23,sample,42.394,1093.6
BR00117012,G24,sample,58.097,1148.6
BR00117012,H01,sample,11.77,883.93
BR00117012,H02,sample,53.101,1102.3
BR00117012,H03,poscon_cp,39.521,1094.2
BR00117012,H04,negcon,64.786,1091.7
BR00117012,H05,poscon_diverse,48.461,1155.4
BR00117012,H06,sample,57.14,1090.9
BR00117012,H07,poscon_cp,49.192,1147.8
BR00117012,H08,sample,55.692,1070.8
BR00117012,H09,sample,55.04,1114.8
BR00117012,H10,negcon,63.591,1092.9
BR00117012,H11,poscon_orf,54.197,1105.6
BR00117012,H12,sample,55.713,1100.6
BR00117012,H13,negcon,57.655,1079.3
BR00117012,H14,sample,40.375,1120
BR00117012,H15,sample,46.161,1128.4
BR00117012,H16,sample,36.785,1057.6
BR00117012,H17,negcon,48.907,1106.6
BR00117012,H18,negcon,54.362,1100.8
BR00117012,H19,poscon_cp,7.2255,600.11
BR00117012,H20,sample,52.466,1080.5
BR00117012,H21,poscon_orf,51.244,1102
BR00117012,H22,sample,50.063,1119
BR00117012,H23,sample,53.815,1085.9
BR00117012,H24,sample,11.492,675.69
BR00117012,I01,sample,55.575,1058.3
BR00117012,I02,negcon,62.593,1015.6
BR00117012,I03,sample,42.311,719.44
BR00117012,I04,sample,54.811,759.75
BR00117012,I05,poscon_diverse,4.8909,468.45
BR00117012,I06,poscon_diverse,13.106,985.87
BR00117012,I07,sample,19.095,625.93
BR00117012,I08,sample,43.275,1022.5
BR00117012,I09,negcon,55.478,1103.5
BR00117012,I10,negcon,52.308,1074.8
BR00117012,I11,sample,58.08,1087.6
BR00117012,I12,sample,59.886,1095.6
BR00117012,I13,sample,44.822,1096.1
BR00117012,I14,poscon_diverse,10.101,1081.5
BR00117012,I15,sample,50.852,1106.9
BR00117012,I16,poscon_cp,46.039,1065.6
BR00117012,I17,poscon_diverse,10.708,724.11
BR00117012,I18,poscon_cp,28.784,1088.4
BR00117012,I19,sample,17.412,838.98
BR00117012,I20,sample,2.0526,341.79
BR00117012,I21,negcon,48.351,1107.1
BR00117012,I22,negcon,48.352,1095.7
BR00117012,I23,sample,52.218,1105.8
BR00117012,I24,sample,43.451,1120.1
BR00117012,J01,sample,62.313,1126.6
BR00117012,J02,sample,56.416,1146.1
BR00117012,J03,sample,43.448,1092.2
BR00117012,J04,poscon_cp,41.897,1048.8
BR00117012,J05,sample,61.71,1098.8
BR00117012,J06,poscon_diverse,42.67,1057.6
BR00117012,J07,sample,45.827,1084.4
BR00117012,J08,sample,51.301,1090
BR00117012,J09,poscon_cp,53.397,1084.4
BR00117012,J10,sample,41.663,1027.6
BR00117012,J11,sample,49.587,1100.2
BR00117012,J12,sample,51.555,1106.9
BR00117012,J13,sample,51.055,1106.9
BR00117012,J14,negcon,53.668,1115.9
BR00117012,J15,sample,45.34,1109.3
BR00117012,J16,sample,52.926,1090.1
BR00117012,J17,poscon_cp,46.529,1059.1
BR00117012,J18,sample,50.459,1100.9
BR00117012,J19,negcon,52.537,1102.4
BR00117012,J20,poscon_diverse,43.348,1147.2
BR00117012,J21,sample,11.107,1107.4
BR00117012,J22,poscon_cp,55.859,1107.1
BR00117012,J23,negcon,54.716,1107.9
BR00117012,J24,sample,47.168,1122.9
BR00117012,K01,sample,2.625,357.12
BR00117012,K02,sample,57.492,1057.8
BR00117012,K03,poscon_orf,22.085,1144.4
BR00117012,K04,poscon_cp,50.519,1093.4
BR00117012,K05,negcon,56.353,937.9
BR00117012,K06,negcon,53.823,1026.1
BR00117012,K07,sample,47.919,1055.1
BR00117012,K08,sample,27.802,685.23
BR00117012,K09,sample,58.328,1106.7
BR00117012,K10,poscon_cp,46.362,1087.4
BR00117012,K11,poscon_diverse,6.4854,489.27
BR00117012,K12,sample,49.648,1117.9
BR00117012,K13,negcon,51.923,1109.8
BR00117012,K14,sample,10.898,1110.2
BR00117012,K15,sample,53.617,1114.7
BR00117012,K16,negcon,51.906,1084.1
BR00117012,K17,sample,9.5113,862
BR00117012,K18,sample,51.733,1107.4
BR00117012,K19,negcon,58.524,1077.5
BR00117012,K20,poscon_diverse,34.016,1081.4
BR00117012,K21,sample,11.941,907.28
BR00117012,K22,sample,54.166,1132
BR00117012,K23,sample,48.385,1086.4
BR00117012,K24,sample,40.893,1104.5
BR00117012,L01,sample,9.625,763.43
BR00117012,L02,negcon,51.385,1146.4
BR00117012,L03,sample,57.196,1126.6
BR00117012,L04,sample,11.193,694.4
BR00117012,L05,negcon,58.314,1089.7
BR00117012,L06,negcon,54.428,1107.7
BR00117012,L07,sample,51.134,1121.5
BR00117012,L08,poscon_orf,43.496,1011.9
BR00117012,L09,poscon_diverse,21.619,967.79
BR00117012,L10,sample,48.081,1112.7
BR00117012,L11,sample,7.1327,520.4
BR00117012,L12,poscon_diverse,7.5814,795.09
BR00117012,L13,sample,53.521,1107
BR00117012,L14,sample,27.647,1496.9
BR00117012,L15,negcon,42.672,1122.5
BR00117012,L16,sample,41.781,1098.9
BR00117012,L17,sample,49.913,1090.5
BR00117012,L18,negcon,49.287,1082.6
BR00117012,L19,sample,45.679,1043.3
BR00117012,L20,sample,22.728,1479
BR00117012,L21,sample,11.187,926.82
BR00117012,L22,sample,53.257,1111.7
BR00117012,L23,sample,23.558,1114
BR00117012,L24,sample,40.847,1121.4
BR00117012,M01,negcon,63.501,1043.6
BR00117012,M02,sample,57.441,1066.7
BR00117012,M03,sample,56.65,1023.8
BR00117012,M04,negcon,52.561,1010.5
BR00117012,M05,sample,52.573,1013.6
BR00117012,M06,sample,53.193,995.32
BR00117012,M07,sample,47.769,1018.3
BR00117012,M08,sample,53.122,1060.5
BR00117012,M09,sample,62.002,1114.1
BR00117012,M10,poscon_diverse,11.31,644.58
BR00117012,M11,sample,51.764,1028.9
BR00117012,M12,sample,14.652,1276.4
BR00117012,M13,sample,62.882,1107.3
BR00117012,M14,sample,48.841,1087
BR00117012,M15,sample,33.005,1070.5
BR00117012,M16,poscon_cp,7.6184,556.83
BR00117012,M17,negcon,57.281,1135.7
BR00117012,M18,poscon_cp,51.119,1112.6
BR00117012,M19,sample,9.4676,1060.5
BR00117012,M20,poscon_cp,4.9483,846.45
BR00117012,M21,sample,52.227,1079.4
BR00117012,M22,negcon,60.227,1075.8
BR00117012,M23,negcon,56.615,1081.9
BR00117012,M24,sample,38.028,1095.2
BR00117012,N01,sample,49.375,1151.7
BR00117012,N02,sample,58.848,1116.1
BR00117012,N03,sample,5.878,884.87
BR00117012,N04,poscon_diverse,35.221,1143.7
BR00117012,N05,sample,58.143,1103.7
BR00117012,N06,poscon_cp,9.2214,1040.2
BR00117012,N07,negcon,49.898,1081.1
BR00117012,N08,negcon,62.898,1099.6
BR00117012,N09,poscon_cp,16.102,1930.7
BR00117012,N10,sample,54.123,1116.6
BR00117012,N11,poscon_cp,51.28,1111.9
BR00117012,N12,sample,17.397,1786.7
BR00117012,N13,sample,46.747,1068.1
BR00117012,N14,poscon_cp,40.518,1009.7
BR00117012,N15,sample,8.2951,805.85
BR00117012,N16,sample,47.852,1104.7
BR00117012,N17,negcon,56.045,1096.7
BR00117012,N18,poscon_diverse,14.901,1804.7
BR00117012,N19,poscon_cp,3.6667,648.67
BR00117012,N20,poscon_cp,49.514,1073.9
BR00117012,N21,poscon_diverse,12.387,906.84
BR00117012,N22,negcon,63.645,1091.7
BR00117012,N23,sample,48.064,1104
BR00117012,N24,sample,45.515,953.42
BR00117012,O01,sample,48.234,1081.2
BR00117012,O02,sample,56.856,1049.3
BR00117012,O03,sample,58.84,1042.8
BR00117012,O04,sample,55.354,998.93
BR00117012,O05,sample,56.854,1026.9
BR00117012,O06,sample,44.365,1059.5
BR00117012,O07,negcon,58.908,752.36
BR00117012,O08,sample,61.627,719.42
BR00117012,O09,sample,51.309,1019.2
BR00117012,O10,sample,54.081,1065.3
BR00117012,O11,sample,63.653,1109.9
BR00117012,O12,sample,50.808,1100.6
BR00117012,O13,sample,43.51,1120.1
BR00117012,O14,sample,48.463,1107.4
BR00117012,O15,sample,43.43,1133.2
BR00117012,O16,sample,10.122,845.05
BR00117012,O17,sample,53.739,1117.3
BR00117012,O18,negcon,52.392,1114.9
BR00117012,O19,sample,46.867,1076.3
BR00117012,O20,sample,47.992,1089.2
BR00117012,O21,sample,48.529,1093.7
BR00117012,O22,sample,7.449,837.71
BR00117012,O23,sample,53.307,1114.6
BR00117012,O24,sample,35.993,1141.9
BR00117012,P01,sample,63.339,1131.7
BR00117012,P02,sample,59.081,1147
BR00117012,P03,sample,59.928,1098.1
BR00117012,P04,sample,60.358,1157
BR00117012,P05,negcon,60.915,1142.5
BR00117012,P06,sample,58.992,1113.9
BR00117012,P07,sample,43.613,1055
BR00117012,P08,sample,59.22,1126
BR00117012,P09,sample,57.854,1148.4
BR00117012,P10,negcon,60.071,1143.7
BR00117012,P11,sample,52.912,1119.7
BR00117012,P12,sample,50.18,1094.6
BR00117012,P13,sample,49.266,1105.3
BR00117012,P14,sample,47.737,1127.1
BR00117012,P15,sample,46.317,1119.7
BR00117012,P16,sample,54.32,1075.4
BR00117012,P17,sample,20.357,1430.7
BR00117012,P18,sample,59.397,1119.7
BR00117012,P19,sample,40.721,1186.5
BR00117012,P20,sample,52.608,1138.6
BR00117012,P21,sample,60.703,1134.3
BR00117012,P22,sample,44.676,1095.5
BR00117012,P23,sample,48.722,1112.5
BR00117012,P24,sample,43.027,1102.1
BR00117013,A01,sample,47.046,1205.4
BR00117013,A02,negcon,49.803,1165.9
BR00117013,A03,sample,27.395,1165
BR00117013,A04,sample,48.406,1154.5
BR00117013,A05,sample,50.665,1153.4
BR00117013,A06,sample,40.613,1177.2
BR00117013,A07,sample,45.439,1136.2
BR00117013,A08,sample,46.374,1092.8
BR00117013,A09,negcon,51.327,1124.3
BR00117013,A10,sample,45.256,1052.5
BR00117013,A11,sample,48.616,1105
BR00117013,A12,sample,49.476,1097.1
BR00117013,A13,sample,45.518,1161.3
BR00117013,A14,sample,5.4085,461
BR00117013,A15,sample,28.689,939.61
BR00117013,A16,sample,37.359,985.34
BR00117013,A17,negcon,38.921,1144.6
BR00117013,A18,sample,26.976,1003.5
BR00117013,A19,sample,33.905,1132.4
BR00117013,A20,sample,38.798,1134.2
BR00117013,A21,sample,44.843,1110.2
BR00117013,A22,sample,43.632,1016.5
BR00117013,A23,sample,39.946,1085
BR00117013,A24,sample,14.634,942.44
BR00117013,B01,sample,62.818,1141.7
BR00117013,B02,sample,6.82,649.92
BR00117013,B03,negcon,62.821,1108.3
BR00117013,B04,sample,28.65,1096.5
BR00117013,B05,sample,45.177,1131.5
BR00117013,B06,sample,45.177,1311
BR00117013,B07,sample,56.168,1107.3
BR00117013,B08,sample,57.326,1093.5
BR00117013,B09,sample,53.177,1093
BR00117013,B10,sample,54.254,1142.6
BR00117013,B11,sample,51.775,1058.9
BR00117013,B12,sample,8.0169,561.43
BR00117013,B13,sample,51.06,1103.9
BR00117013,B14,negcon,51.648,1079.5
BR00117013,B15,sample,22.081,1018
BR00117013,B16,sample,11.307,912.61
BR00117013,B17,sample,39.536,1044.9
BR00117013,B18,sample,53.1,1108.8
BR00117013,B19,sample,42.559,1038.2
BR00117013,B20,sample,47,1120
BR00117013,B21,sample,48.569,1105.8
BR00117013,B22,sample,46.533,1059.3
BR00117013,B23,sample,36.16,1148.2
BR00117013,B24,sample,37.797,1110
BR00117013,C01,sample,59.498,1143.1
BR00117013,C02,sample,63.649,1109.8
BR00117013,C03,negcon,62.708,1094.2
BR00117013,C04,sample,14.116,1544.4
BR00117013,C05,sample,65.325,1107.8
BR00117013,C06,negcon,55.323,1110.5
BR00117013,C07,sample,61.227,1086.9
BR00117013,C08,sample,11.544,726.36
BR00117013,C09,poscon_diverse,8.225,864.8
BR00117013,C10,sample,3,444.82
BR00117013,C11,sample,54.725,1063.1
BR00117013,C12,negcon,57.891,1071.7
BR00117013,C13,poscon_cp,11.778,1327.9
BR00117013,C14,sample,20.081,1396.3
BR00117013,C15,negcon,49.566,1111.9
BR00117013,C16,sample,44.075,1115.1
BR00117013,C17,sample,48.066,1102.4
BR00117013,C18,negcon,61.204,1059.7
BR00117013,C19,sample,65.773,1067.3
BR00117013,C20,sample,4.7,536.92
BR00117013,C21,negcon,53.343,1092.4
BR00117013,C22,sample,6.5,450.44
BR00117013,C23,sample,53.453,1063
BR00117013,C24,sample,44.9,1136.2
BR00117013,D01,sample,54.119,1125.2
BR00117013,D02,sample,55.105,1119.8
BR00117013,D03,sample,11.361,743.41
BR00117013,D04,sample,52.834,1075.1
BR00117013,D05,poscon_diverse,46.048,1098.9
BR00117013,D06,sample,52.66,1094.6
BR00117013,D07,poscon_cp,54.562,1082.3
BR00117013,D08,poscon_diverse,31.568,849.22
BR00117013,D09,sample,57.48,1044.1
BR00117013,D10,sample,56.667,1124.5
BR00117013,D11,poscon_diverse,6.3118,901.1
BR00117013,D12,sample,48.782,1083.2
BR00117013,D13,sample,54.803,1093.2
BR00117013,D14,negcon,63.696,1087.6
BR00117013,D15,negcon,61.264,1085.7
BR00117013,D16,poscon_cp,28.452,947.73
BR00117013,D17,sample,40.232,1184.9
BR00117013,D18,sample,57.117,1024.4
BR00117013,D19,sample,44.618,1105.6
BR00117013,D20,sample,52.84,1107.9
BR00117013,D21,negcon,55.603,1106.5
BR00117013,D22,negcon,55.776,1099.4
BR00117013,D23,sample,53.476,1085.6
BR00117013,D24,sample,47.46,1119.8
BR00117013,E01,sample,66.537,1139.4
BR00117013,E02,sample,60.28,1122.1
BR00117013,E03,sample,56.329,1100.6
BR00117013,E04,sample,56.075,1099.6
BR00117013,E05,poscon_diverse,18.294,1686
BR00117013,E06,poscon_diverse,7.3839,1055.7
BR00117013,E07,negcon,54.974,1107.3
BR00117013,E08,sample,51.377,1084.2
BR00117013,E09,poscon_orf,51.155,1058.1
BR00117013,E10,poscon_diverse,44.297,1086.1
BR00117013,E11,sample,50.436,1085.7
BR00117013,E12,sample,52.557,1094.2
BR00117013,E13,poscon_diverse,9.6541,1106.6
BR00117013,E14,negcon,60.827,1086
BR00117013,E15,sample,59.905,1065.4
BR00117013,E16,sample,54.046,1094.3
BR00117013,E17,negcon,55.153,1070.4
BR00117013,E18,sample,50.662,1069.2
BR00117013,E19,sample,47.8,1075.3
BR00117013,E20,poscon_diverse,31.67,1022.4
BR00117013,E21,poscon_diverse,10.317,1160
BR00117013,E22,poscon_cp,52.775,1061.8
BR00117013,E23,sample,7.7778,842.55
BR00117013,E24,negcon,47.016,1139.4
BR00117013,F01,negcon,52.177,1133.1
BR00117013,F02,sample,56.199,1093.9
BR00117013,F03,negcon,65.183,1104.8
BR00117013,F04,sample,61.295,1103.8
BR00117013,F05,sample,61.964,1041.7
BR00117013,F06,negcon,64.483,1101.9
BR00117013,F07,sample,14.351,1310.5
BR00117013,F08,sample,47.167,1114.6
BR00117013,F09,negcon,51.838,1090
BR00117013,F10,sample,45.451,1107.5
BR00117013,F11,sample,51.162,1011.3
BR00117013,F12,sample,53.677,1068.9
BR00117013,F13,poscon_cp,51.458,1086.8
BR00117013,F14,sample,56.077,1097
BR00117013,F15,sample,53.685,1081.7
BR00117013,F16,poscon_diverse,42.293,1088.7
BR00117013,F17,sample,42.085,1060.2
BR00117013,F18,sample,47.851,1114.8
BR00117013,F19,poscon_diverse,30.607,1104.3
BR00117013,F20,sample,46.767,1091.4
BR00117013,F21,sample,49.737,1074.4
BR00117013,F22,poscon_diverse,36.603,986.37
BR00117013,F23,sample,46.064,1119.3
BR00117013,F24,sample,46.166,1114
BR00117013,G01,sample,55.269,1128.4
BR00117013,G02,sample,67.995,1103.5
BR00117013,G03,sample,19.152,1198.7
BR00117013,G04,negcon,60.482,1119.7
BR00117013,G05,sample,56.137,1072.1
BR00117013,G06,sample,6.8554,521.2
BR00117013,G07,sample,56.561,1089.6
BR00117013,G08,sample,59.116,1090.8
BR00117013,G09,negcon,61.252,1092.8
BR00117013,G10,negcon,59.266,1093.3
BR00117013,G11,sample,52.356,1130.4
BR00117013,G12,sample,57.077,1092.6
BR00117013,G13,negcon,46.792,1083.3
BR00117013,G14,sample,53.624,1105.4
BR00117013,G15,sample,52.557,1120.7
BR00117013,G16,sample,51.522,1073.7
BR00117013,G17,poscon_orf,36.107,1190
BR00117013,G18,negcon,62.566,1070
BR00117013,G19,sample,47.911,1077.4
BR00117013,G20,sample,50.932,1085.8
BR00117013,G21,poscon_cp,37.187,1069.8
BR00117013,G22,sample,46.524,1095.5
BR00117013,G23,sample,51.188,1027.5
BR00117013,G24,sample,51.325,1154.4
BR00117013,H01,sample,10.07,1038.8
BR00117013,H02,sample,64.709,1103
BR00117013,H03,poscon_cp,47.142,1099.7
BR00117013,H04,negcon,57.752,1094.8
BR00117013,H05,poscon_diverse,42.944,1126.5
BR00117013,H06,sample,57.268,1076.3
BR00117013,H07,poscon_cp,52.301,1114.6
BR00117013,H08,sample,59.845,1090.8
BR00117013,H09,sample,57.484,1056
BR00117013,H10,negcon,53.504,1102.8
BR00117013,H11,poscon_orf,47.073,1072.4
BR00117013,H12,sample,58.625,1103.1
BR00117013,H13,negcon,61.575,1066
BR00117013,H14,sample,46.563,1128.5
BR00117013,H15,sample,52.287,1073.6
BR00117013,H16,sample,44.061,1110.1
BR00117013,H17,negcon,58.347,1088.2
BR00117013,H18,negcon,52.854,1074.5
BR00117013,H19,poscon_cp,6.407,612.57
BR00117013,H20,sample,51.764,1094.2
BR00117013,H21,poscon_orf,48.696,1080.5
BR00117013,H22,sample,56.663,1083.4
BR00117013,H23,sample,55.679,1090.4
BR00117013,H24,sample,11.753,786.28
BR00117013,I01,sample,52.921,1129
BR00117013,I02,negcon,57.271,1114.8
BR00117013,I03,sample,51.023,954.52
BR00117013,I04,sample,62.295,1098.3
BR00117013,I05,poscon_diverse,7.119,508.2
BR00117013,I06,poscon_diverse,11.616,1085.2
BR00117013,I07,sample,24.707,758.74
BR00117013,I08,sample,48.387,1092.1
BR00117013,I09,negcon,58.263,1108.3
BR00117013,I10,negcon,59.846,1098.4
BR00117013,I11,sample,63.644,1063
BR00117013,I12,sample,50.787,1094.8
BR00117013,I13,sample,42.39,1084.6
BR00117013,I14,poscon_diverse,10.92,1157.1
BR00117013,I15,sample,50.331,1054.5
BR00117013,I16,poscon_cp,41.93,1061
BR00117013,I17,poscon_diverse,8.5878,797.68
BR00117013,I18,poscon_cp,31.5,1124.4
BR00117013,I19,sample,14.884,877.63
BR00117013,I20,sample,2.35,511.95
BR00117013,I21,negcon,51.782,1087.2
BR00117013,I22,negcon,54.124,1054.6
BR00117013,I23,sample,54.288,1069
BR00117013,I24,sample,48.164,1124.1
BR00117013,J01,sample,57.044,1093
BR00117013,J02,sample,60.259,1082.5
BR00117013,J03,sample,52.12,1060.1
BR00117013,J04,poscon_cp,40.683,1043.5
BR00117013,J05,sample,57.153,1112.9
BR00117013,J06,poscon_diverse,41.711,1051.6
BR00117013,J07,sample,67.644,1053.5
BR00117013,J08,sample,61.118,1064
BR00117013,J09,poscon_cp,48.151,1118.7
BR00117013,J10,sample,40.358,993.62
BR00117013,J11,sample,53.804,1068.8
BR00117013,J12,sample,50.974,1074.5
BR00117013,J13,sample,53.304,1075.1
BR00117013,J14,negcon,55.203,1076.3
BR00117013,J15,sample,56.248,1064.6
BR00117013,J16,sample,56.967,1078.6
BR00117013,J17,poscon_cp,40.78,1069.8
BR00117013,J18,sample,49.462,1089.3
BR00117013,J19,negcon,57.161,1081.6
BR00117013,J20,poscon_diverse,42.219,1140.5
BR00117013,J21,sample,10.325,1148.2
BR00117013,J22,poscon_cp,53.078,1086.3
BR00117013,J23,negcon,55.878,1091.6
BR00117013,J24,sample,52.749,1107.1
BR00117013,K01,sample,5.4565,411.24
BR00117013,K02,sample,53.805,1099.7
BR00117013,K03,poscon_orf,19.889,1293.3
BR00117013,K04,poscon_cp,63.661,1115.7
BR00117013,K05,negcon,58.672,1101.8
BR00117013,K06,negcon,61.024,1106.9
BR00117013,K07,sample,52.237,1097.9
BR00117013,K08,sample,28.942,1028.6
BR00117013,K09,sample,57.44,1097.3
BR00117013,K10,poscon_cp,50.373,1088.8
BR00117013,K11,poscon_diverse,8.4851,518.36
BR00117013,K12,sample,50.584,1130.2
BR00117013,K13,negcon,61.889,1091.6
BR00117013,K14,sample,11.08,1167.2
BR00117013,K15,sample,52.328,1092.5
BR00117013,K16,negcon,56.789,1058.8
BR00117013,K17,sample,9.0473,1012.4
BR00117013,K18,sample,50.002,1117.5
BR00117013,K19,negcon,51.232,1076.2
BR00117013,K20,poscon_diverse,37.578,1062.3
BR00117013,K21,sample,11.352,940.87
BR00117013,K22,sample,50.914,1091.2
BR00117013,K23,sample,51.068,1083.7
BR00117013,K24,sample,48.772,1064.8
BR00117013,L01,sample,9.56,833.82
BR00117013,L02,negcon,58.604,1090
BR00117013,L03,sample,61.391,1139.4
BR00117013,L04,sample,11.377,723.61
BR00117013,L05,negcon,55.082,1104.1
BR00117013,L06,negcon,49.644,1106.6
BR00117013,L07,sample,62.158,1084.1
BR00117013,L08,poscon_orf,56.018,1019.5
BR00117013,L09,poscon_diverse,27.867,897.86
BR00117013,L10,sample,51.915,1108.5
BR00117013,L11,sample,8.3852,496.05
BR00117013,L12,poscon_diverse,6.9065,885.06
BR00117013,L13,sample,51.61,1067.6
BR00117013,L14,sample,25.05,1466.9
BR00117013,L15,negcon,60.003,1056.3
BR00117013,L16,sample,39.063,1076
BR00117013,L17,sample,45.525,1090.3
BR00117013,L18,negcon,52.982,1096.6
BR00117013,L19,sample,36.939,1059.6
BR00117013,L20,sample,22.327,1495.2
BR00117013,L21,sample,9.6577,867.13
BR00117013,L22,sample,49.98,1068.7
BR00117013,L23,sample,22.666,1136
BR00117013,L24,sample,53.945,1091.2
BR00117013,M01,negcon,65.41,1134
BR00117013,M02,sample,54.214,1101.1
BR00117013,M03,sample,72.057,1080.1
BR00117013,M04,negcon,60.807,1106.5
BR00117013,M05,sample,57.391,1097.5
BR00117013,M06,sample,55.247,1144.7
BR00117013,M07,sample,59.969,1092
BR00117013,M08,sample,61.762,1108
BR00117013,M09,sample,54.183,1115.3
BR00117013,M10,poscon_diverse,11.599,673.33
BR00117013,M11,sample,60.675,1042
BR00117013,M12,sample,14.668,1239.3
BR00117013,M13,sample,51.407,1070.1
BR00117013,M14,sample,57.414,1110.4
BR00117013,M15,sample,40.827,1010.2
BR00117013,M16,poscon_cp,6.337,599.71
BR00117013,M17,negcon,54.257,1096.2
BR00117013,M18,poscon_cp,53.481,1064.5
BR00117013,M19,sample,9.5541,1084.3
BR00117013,M20,poscon_cp,4.6769,770.75
BR00117013,M21,sample,55.707,1068.7
BR00117013,M22,negcon,60.54,1091.9
BR00117013,M23,negcon,50.948,1069.2
BR00117013,M24,sample,53.018,1075.6
BR00117013,N01,sample,52.305,1148.1
BR00117013,N02,sample,74.111,1054.2
BR00117013,N03,sample,7.4831,853.88
BR00117013,N04,poscon_diverse,33.78,1100.6
BR00117013,N05,sample,60.239,1091.2
BR00117013,N06,poscon_cp,8.6846,1122.5
BR00117013,N07,negcon,55.569,1093.5
BR00117013,N08,negcon,60.594,1096.9
BR00117013,N09,poscon_cp,18.079,1737
BR00117013,N10,sample,54.243,1104.1
BR00117013,N11,poscon_cp,54.893,1107.4
BR00117013,N12,sample,15.733,1863.9
BR00117013,N13,sample,56.992,1055.7
BR00117013,N14,poscon_cp,46.972,991.02
BR00117013,N15,sample,8.6281,804.83
BR00117013,N16,sample,55.127,1093.5
BR00117013,N17,negcon,53.473,1085.5
BR00117013,N18,poscon_diverse,13.504,1724.6
BR00117013,N19,poscon_cp,6.0244,670.78
BR00117013,N20,poscon_cp,51.918,1068.4
BR00117013,N21,poscon_diverse,13.849,915.83
BR00117013,N22,negcon,57.159,1052.6
BR00117013,N23,sample,60.325,1070.8
BR00117013,N24,sample,44.866,1004
BR00117013,O01,sample,58.696,1116.5
BR00117013,O02,sample,54.398,1116.9
BR00117013,O03,sample,68.613,1066.1
BR00117013,O04,sample,53.88,1113.8
BR00117013,O05,sample,59.603,1114.9
BR00117013,O06,sample,62.286,1104.1
BR00117013,O07,negcon,52.314,1099.1
BR00117013,O08,sample,63.235,1075.9
BR00117013,O09,sample,53.536,1080.3
BR00117013,O10,sample,58.092,1096.5
BR00117013,O11,sample,55.744,1087.1
BR00117013,O12,sample,55.121,1099.3
BR00117013,O13,sample,61.018,1053.1
BR00117013,O14,sample,64.988,1072.4
BR00117013,O15,sample,46.747,1076.5
BR00117013,O16,sample,12.561,781.95
BR00117013,O17,sample,56.571,1052.1
BR00117013,O18,negcon,53.38,1089.8
BR00117013,O19,sample,55.281,1060.2
BR00117013,O20,sample,50.763,1105.7
BR00117013,O21,sample,51.136,1109.4
BR00117013,O22,sample,9.1111,919.22
BR00117013,O23,sample,51.143,1099.2
BR00117013,O24,sample,44.097,1087.8
BR00117013,P01,sample,61.224,1107.5
BR00117013,P02,sample,79.932,1084.5
BR00117013,P03,sample,57.978,1083.4
BR00117013,P04,sample,50.598,1118.9
BR00117013,P05,negcon,61.992,1094.5
BR00117013,P06,sample,54.059,1103
BR00117013,P07,sample,44.818,1059.6
BR00117013,P08,sample,62.285,1143.3
BR00117013,P09,sample,60.093,1107.1
BR00117013,P10,negcon,53.618,1125.3
BR00117013,P11,sample,65.515,1075.5
BR00117013,P12,sample,59.346,1056.7
BR00117013,P13,sample,49.124,1130.5
BR00117013,P14,sample,55.052,1117
BR00117013,P15,sample,52.72,1105.4
BR00117013,P16,sample,55.783,1088.9
BR00117013,P17,sample,14.084,1520
BR00117013,P18,sample,63.529,1097
BR00117013,P19,sample,61.589,1119.5
BR00117013,P20,sample,59.452,1088.7
BR00117013,P21,sample,57.868,1086.5
BR00117013,P22,sample,44.016,1096.5
BR00117013,P23,sample,42.258,1119.6
BR00117013,P24,sample,44.815,1071.7
