cohort,backbone,n,classes,dimensions,knn_accuracy,map,precision_at_k,chance_map,chance_precision,classifier_accuracy,classifier_accuracy_sd,analytical_random_ranking_expected_map,classifier_majority_chance,actual_CUDA_embed_seconds
HEp2-expert-DAPI,resnet18,10000.0,7.0,512,0.7149,0.3498131057232301,0.6202,0.15616561656165617,0.15616561656165617,0.7712,0.007229107828771159,0.1569072848691063,0.25,5.804719840234611
CycleNET-expert-native,resnet18,10499.0,9.0,512,0.7326412039241833,0.32615434591680137,0.6102295456710163,0.18363508515113008,0.18363508515113008,0.7770261122076272,0.009402707019648463,0.18432228781688326,0.2973616534908087,7.153453276434448
HEp2-expert-DAPI,resnet50,10000.0,7.0,2048,0.681,0.31055605789105234,0.57265,0.15616561656165617,0.15616561656165617,0.7760999999999999,0.003168595903550994,0.1569072848691063,0.25,9.797704221797176
CycleNET-expert-native,resnet50,10499.0,9.0,2048,0.6914944280407658,0.29916789781438796,0.5752738356033908,0.18363508515113008,0.18363508515113008,0.7544519158783094,0.007117865624330835,0.18432228781688326,0.2973616534908087,10.776592953538056
HEp2-expert-DAPI,vit_small_patch14_dinov2.lvd142m,10000.0,7.0,384,0.7798,0.35249381964884313,0.67847,0.15616561656165617,0.15616561656165617,0.8481,0.00528583011456102,0.1569072848691063,0.25,97.85584866954014
CycleNET-expert-native,vit_small_patch14_dinov2.lvd142m,10499.0,9.0,384,0.8165539575197638,0.46578550247003825,0.7256310124773787,0.18363508515113008,0.18363508515113008,0.8760846207944827,0.00765162174694913,0.18432228781688326,0.2973616534908087,109.25708502094494
HEp2-expert-DAPI,openphenom,10000.0,7.0,384,0.5902,0.23734350571845747,0.47813999999999995,0.15616561656165617,0.15616561656165617,0.7433,0.005134199061197373,0.1569072848691063,0.25,12.775127846805844
CycleNET-expert-native,openphenom,10499.0,9.0,384,0.5933898466520621,0.261899033602719,0.4789218020763883,0.18363508515113008,0.18363508515113008,0.7277837518999978,0.003252839159763085,0.18432228781688326,0.2973616534908087,43.18969384173397
HEp2-expert-DAPI,chada_vit,10000.0,7.0,192,0.5292,0.2505959829682316,0.44115,0.15616561656165617,0.15616561656165617,0.6489,0.010841586599755605,0.1569072848691063,0.25,297.2606726667145
CycleNET-expert-native,chada_vit,10499.0,9.0,192,0.6582531669682827,0.28923614044677776,0.5419849509477094,0.18363508515113008,0.18363508515113008,0.757501803579936,0.008897652601829209,0.18432228781688326,0.2973616534908087,312.0160579897347
HEp2-expert-DAPI,subcell,10000.0,7.0,1536,0.6573,0.26558412601440606,0.5462100000000001,0.15616561656165617,0.15616561656165617,0.7969999999999999,0.0037549966711037442,0.1569072848691063,0.25,109.48310857155593
CycleNET-expert-native,subcell,10499.0,9.0,1536,0.5841508715115725,0.2150298521478029,0.431041051528717,0.18363508515113008,0.18363508515113008,0.7567399441911113,0.006647875307783322,0.18432228781688326,0.2973616534908087,113.22857914149063
