cohort,backbone,class,n,map,precision_at_10,knn_accuracy,class_prevalence_chance
HEp2-expert-DAPI,resnet18,Anaphase,1250,0.1868074555718687,0.41888000000000003,0.556,0.12491249124912492
HEp2-expert-DAPI,resnet18,Artefact,1250,0.15998641385892273,0.272,0.2984,0.12491249124912492
HEp2-expert-DAPI,resnet18,Interphase,2500,0.5921877410507416,0.9265200000000001,0.9776,0.24992499249924993
HEp2-expert-DAPI,resnet18,Metaphase,1250,0.27160964991041875,0.58304,0.684,0.12491249124912492
HEp2-expert-DAPI,resnet18,Prophase,1250,0.42959238539397304,0.70824,0.836,0.12491249124912492
HEp2-expert-DAPI,resnet18,Telophase,1250,0.31720654012643174,0.6376799999999999,0.7376,0.12491249124912492
HEp2-expert-DAPI,resnet18,Triple,1250,0.24892691882274284,0.48872,0.652,0.12491249124912492
CycleNET-expert-native,resnet18,Abberent,2202,0.36919946878421694,0.7135785649409627,0.7915531335149864,0.20965898266336444
CycleNET-expert-native,resnet18,Anaphase,347,0.3810649329546,0.7365994236311239,0.8760806916426513,0.03295865879215089
CycleNET-expert-native,resnet18,Anaphase_defect,78,0.09580353899959959,0.21282051282051284,0.15384615384615385,0.007334730424842827
CycleNET-expert-native,resnet18,Early G1,544,0.09862310417780674,0.25882352941176473,0.17830882352941177,0.05172413793103448
CycleNET-expert-native,resnet18,Late G1,3122,0.4810050774724545,0.7137732222934017,0.9115951313260731,0.29729472280434366
CycleNET-expert-native,resnet18,Metaphase,385,0.08138922027200829,0.24129870129870132,0.16103896103896104,0.03657839588493046
CycleNET-expert-native,resnet18,Over_seg,924,0.15264710855695135,0.33766233766233766,0.3593073593073593,0.08792150885883025
CycleNET-expert-native,resnet18,S/G2,1579,0.2241738960577741,0.5317922735908802,0.7314756174794174,0.15031434558963613
CycleNET-expert-native,resnet18,Telophase,1318,0.29583828468295553,0.7204097116843703,0.8657056145675266,0.12545246713659744
HEp2-expert-DAPI,resnet50,Anaphase,1250,0.18041466608496015,0.4192,0.576,0.12491249124912492
HEp2-expert-DAPI,resnet50,Artefact,1250,0.15814302626974316,0.27424,0.312,0.12491249124912492
HEp2-expert-DAPI,resnet50,Interphase,2500,0.5275810311550267,0.862,0.9548,0.24992499249924993
HEp2-expert-DAPI,resnet50,Metaphase,1250,0.24921741009955095,0.5330400000000001,0.624,0.12491249124912492
HEp2-expert-DAPI,resnet50,Prophase,1250,0.32750813035113907,0.6030399999999999,0.7248,0.12491249124912492
HEp2-expert-DAPI,resnet50,Telophase,1250,0.2883135678778155,0.6023200000000001,0.7456,0.12491249124912492
HEp2-expert-DAPI,resnet50,Triple,1250,0.22568960013515663,0.42536,0.556,0.12491249124912492
CycleNET-expert-native,resnet50,Abberent,2202,0.28336709420647654,0.6362397820163488,0.7506811989100818,0.20965898266336444
CycleNET-expert-native,resnet50,Anaphase,347,0.15392331543692203,0.4945244956772335,0.6109510086455331,0.03295865879215089
CycleNET-expert-native,resnet50,Anaphase_defect,78,0.05429622327880846,0.20897435897435898,0.21794871794871795,0.007334730424842827
CycleNET-expert-native,resnet50,Early G1,544,0.09568847667144714,0.24871323529411768,0.15992647058823528,0.05172413793103448
CycleNET-expert-native,resnet50,Late G1,3122,0.4497925125128638,0.722709801409353,0.9119154388212685,0.29729472280434366
CycleNET-expert-native,resnet50,Metaphase,385,0.11447386256848975,0.2948051948051948,0.2935064935064935,0.03657839588493046
CycleNET-expert-native,resnet50,Over_seg,924,0.15566469412957135,0.3442640692640693,0.33874458874458874,0.08792150885883025
CycleNET-expert-native,resnet50,S/G2,1579,0.220879302982375,0.4325522482583914,0.5699810006333123,0.15031434558963613
CycleNET-expert-native,resnet50,Telophase,1318,0.3538400095523887,0.7167678300455236,0.8482549317147192,0.12545246713659744
HEp2-expert-DAPI,vit_small_patch14_dinov2.lvd142m,Anaphase,1250,0.22156457539495986,0.55576,0.6944,0.12491249124912492
HEp2-expert-DAPI,vit_small_patch14_dinov2.lvd142m,Artefact,1250,0.17557091749617854,0.36768,0.4512,0.12491249124912492
HEp2-expert-DAPI,vit_small_patch14_dinov2.lvd142m,Interphase,2500,0.5566341451173761,0.9160400000000002,0.9684,0.24992499249924993
HEp2-expert-DAPI,vit_small_patch14_dinov2.lvd142m,Metaphase,1250,0.2604379140477989,0.5878399999999999,0.692,0.12491249124912492
HEp2-expert-DAPI,vit_small_patch14_dinov2.lvd142m,Prophase,1250,0.47696097215929933,0.79752,0.9008,0.12491249124912492
HEp2-expert-DAPI,vit_small_patch14_dinov2.lvd142m,Telophase,1250,0.2932594829072734,0.68784,0.8008,0.12491249124912492
HEp2-expert-DAPI,vit_small_patch14_dinov2.lvd142m,Triple,1250,0.2788884049504829,0.59904,0.7624,0.12491249124912492
CycleNET-expert-native,vit_small_patch14_dinov2.lvd142m,Abberent,2202,0.5248330101579411,0.8684377838328792,0.9014532243415078,0.20965898266336444
CycleNET-expert-native,vit_small_patch14_dinov2.lvd142m,Anaphase,347,0.3169252660175253,0.6723342939481268,0.8386167146974063,0.03295865879215089
CycleNET-expert-native,vit_small_patch14_dinov2.lvd142m,Anaphase_defect,78,0.18968723395344872,0.3461538461538462,0.2948717948717949,0.007334730424842827
CycleNET-expert-native,vit_small_patch14_dinov2.lvd142m,Early G1,544,0.17371483299126264,0.38639705882352937,0.3805147058823529,0.05172413793103448
CycleNET-expert-native,vit_small_patch14_dinov2.lvd142m,Late G1,3122,0.6245260997195629,0.7622037155669442,0.9279308135810378,0.29729472280434366
CycleNET-expert-native,vit_small_patch14_dinov2.lvd142m,Metaphase,385,0.13140382558818503,0.3171428571428571,0.3116883116883117,0.03657839588493046
CycleNET-expert-native,vit_small_patch14_dinov2.lvd142m,Over_seg,924,0.21677845499143597,0.44047619047619047,0.4805194805194805,0.08792150885883025
CycleNET-expert-native,vit_small_patch14_dinov2.lvd142m,S/G2,1579,0.37970798916170956,0.7333755541481951,0.8524382520582647,0.15031434558963613
CycleNET-expert-native,vit_small_patch14_dinov2.lvd142m,Telophase,1318,0.5425698011282969,0.8868740515933233,0.9559939301972686,0.12545246713659744
HEp2-expert-DAPI,openphenom,Anaphase,1250,0.1406733616724996,0.25656,0.3096,0.12491249124912492
HEp2-expert-DAPI,openphenom,Artefact,1250,0.16432723720736744,0.29096000000000005,0.3592,0.12491249124912492
HEp2-expert-DAPI,openphenom,Interphase,2500,0.35272939534302633,0.74092,0.91,0.24992499249924993
HEp2-expert-DAPI,openphenom,Metaphase,1250,0.2409413975165281,0.5101600000000001,0.6648,0.12491249124912492
HEp2-expert-DAPI,openphenom,Prophase,1250,0.19339910272629923,0.4152,0.5392,0.12491249124912492
HEp2-expert-DAPI,openphenom,Telophase,1250,0.30480946945854764,0.612,0.7128,0.12491249124912492
HEp2-expert-DAPI,openphenom,Triple,1250,0.14913868648036527,0.2584,0.316,0.12491249124912492
CycleNET-expert-native,openphenom,Abberent,2202,0.34720935216040016,0.7345594913714805,0.8169845594913715,0.20965898266336444
CycleNET-expert-native,openphenom,Anaphase,347,0.04587511196197373,0.09769452449567723,0.03170028818443804,0.03295865879215089
CycleNET-expert-native,openphenom,Anaphase_defect,78,0.010995053373066374,0.02435897435897436,0.0,0.007334730424842827
CycleNET-expert-native,openphenom,Early G1,544,0.06324076675101103,0.11562499999999999,0.02389705882352941,0.05172413793103448
CycleNET-expert-native,openphenom,Late G1,3122,0.4008384152277269,0.6049647661755285,0.8135810377962844,0.29729472280434366
CycleNET-expert-native,openphenom,Metaphase,385,0.04650367705514607,0.10337662337662337,0.04155844155844156,0.03657839588493046
CycleNET-expert-native,openphenom,Over_seg,924,0.13728605252206857,0.2645021645021645,0.25216450216450215,0.08792150885883025
CycleNET-expert-native,openphenom,S/G2,1579,0.1746271208064566,0.32640911969601016,0.47751741608613046,0.15031434558963613
CycleNET-expert-native,openphenom,Telophase,1318,0.19881162437049385,0.473216995447648,0.6555386949924128,0.12545246713659744
HEp2-expert-DAPI,chada_vit,Anaphase,1250,0.13973138855492795,0.20896000000000003,0.2048,0.12491249124912492
HEp2-expert-DAPI,chada_vit,Artefact,1250,0.15649009455880825,0.2232,0.2784,0.12491249124912492
HEp2-expert-DAPI,chada_vit,Interphase,2500,0.4355830982962405,0.7619600000000001,0.8996,0.24992499249924993
HEp2-expert-DAPI,chada_vit,Metaphase,1250,0.23861366409360635,0.44336000000000003,0.5624,0.12491249124912492
HEp2-expert-DAPI,chada_vit,Prophase,1250,0.22682635064544857,0.41176,0.5352,0.12491249124912492
HEp2-expert-DAPI,chada_vit,Telophase,1250,0.23490857515468133,0.508,0.62,0.12491249124912492
HEp2-expert-DAPI,chada_vit,Triple,1250,0.1370315941458996,0.21,0.2336,0.12491249124912492
CycleNET-expert-native,chada_vit,Abberent,2202,0.400936215204421,0.7685286103542235,0.8342415985467757,0.20965898266336444
CycleNET-expert-native,chada_vit,Anaphase,347,0.04647668478183108,0.10720461095100865,0.0345821325648415,0.03295865879215089
CycleNET-expert-native,chada_vit,Anaphase_defect,78,0.011991263548465981,0.019230769230769235,0.0,0.007334730424842827
CycleNET-expert-native,chada_vit,Early G1,544,0.06876894909642257,0.11911764705882355,0.029411764705882353,0.05172413793103448
CycleNET-expert-native,chada_vit,Late G1,3122,0.42639941118414365,0.6684497117232542,0.8654708520179372,0.29729472280434366
CycleNET-expert-native,chada_vit,Metaphase,385,0.06633568939569408,0.19116883116883115,0.15064935064935064,0.03657839588493046
CycleNET-expert-native,chada_vit,Over_seg,924,0.1416812645040113,0.31731601731601733,0.3300865800865801,0.08792150885883025
CycleNET-expert-native,chada_vit,S/G2,1579,0.21740918253874777,0.46542115262824574,0.6586447118429386,0.15031434558963613
CycleNET-expert-native,chada_vit,Telophase,1318,0.20363798666269134,0.5355842185128983,0.7139605462822458,0.12545246713659744
HEp2-expert-DAPI,subcell,Anaphase,1250,0.14016434013386864,0.28528000000000003,0.3624,0.12491249124912492
HEp2-expert-DAPI,subcell,Artefact,1250,0.17281657346808244,0.37352,0.4592,0.12491249124912492
HEp2-expert-DAPI,subcell,Interphase,2500,0.39328645766724235,0.80324,0.9452,0.24992499249924993
HEp2-expert-DAPI,subcell,Metaphase,1250,0.24690484488938597,0.5644800000000001,0.7288,0.12491249124912492
HEp2-expert-DAPI,subcell,Prophase,1250,0.2568599417422806,0.5281600000000001,0.6624,0.12491249124912492
HEp2-expert-DAPI,subcell,Telophase,1250,0.365786846445005,0.7105600000000001,0.7992,0.12491249124912492
HEp2-expert-DAPI,subcell,Triple,1250,0.15556754610214094,0.3012,0.356,0.12491249124912492
CycleNET-expert-native,subcell,Abberent,2202,0.2629102331985758,0.6057674841053589,0.762488646684832,0.20965898266336444
CycleNET-expert-native,subcell,Anaphase,347,0.043946639091723125,0.12391930835734873,0.1037463976945245,0.03295865879215089
CycleNET-expert-native,subcell,Anaphase_defect,78,0.010726503232415875,0.020512820512820513,0.0,0.007334730424842827
CycleNET-expert-native,subcell,Early G1,544,0.05955988690935616,0.12279411764705885,0.04963235294117647,0.05172413793103448
CycleNET-expert-native,subcell,Late G1,3122,0.3331896707675325,0.5662075592568866,0.8363228699551569,0.29729472280434366
CycleNET-expert-native,subcell,Metaphase,385,0.04663341456661097,0.11454545454545456,0.05194805194805195,0.03657839588493046
CycleNET-expert-native,subcell,Over_seg,924,0.11080045069222753,0.2508658008658009,0.21861471861471862,0.08792150885883025
CycleNET-expert-native,subcell,S/G2,1579,0.1690310565862008,0.32425585813806207,0.49588347055098164,0.15031434558963613
CycleNET-expert-native,subcell,Telophase,1318,0.15381766552902998,0.3980273141122913,0.5880121396054628,0.12545246713659744
